index,Date,Close/Last,Volume,Open,High,Low,Price Increase,Previous Close
0,3/31/2023,$103.29 ,56750320,$102.16 ,$103.49 ,$101.95 ,Yes,$102.00 
1,3/30/2023,$102.00 ,53633400,$101.55 ,$103.04 ,$101.01 ,Yes,$100.25 
2,3/29/2023,$100.25 ,49783280,$98.69 ,$100.42 ,$98.56 ,Yes,$97.24 
3,3/28/2023,$97.24 ,38720050,$98.11 ,$98.44 ,$96.29 ,No,$98.04 
4,3/27/2023,$98.04 ,46721300,$99.07 ,$99.34 ,$97.08 ,No,$98.13 
5,3/24/2023,$98.13 ,56144800,$98.07 ,$98.30 ,$96.40 ,No,$98.71 
6,3/23/2023,$98.71 ,57559310,$100.43 ,$101.06 ,$97.62 ,Yes,$98.70 
7,3/22/2023,$98.70 ,57475370,$100.45 ,$102.10 ,$98.61 ,No,$100.61 
8,3/21/2023,$100.61 ,58597280,$98.14 ,$100.85 ,$98.00 ,Yes,$97.71 
9,3/20/2023,$97.71 ,62388910,$98.41 ,$98.48 ,$95.70 ,No,$98.95 
10,3/17/2023,$98.95 ,87300240,$99.79 ,$100.66 ,$97.46 ,No,$100.04 
11,3/16/2023,$100.04 ,84558930,$95.75 ,$100.99 ,$95.61 ,Yes,$96.20 
12,3/15/2023,$96.20 ,70731790,$93.22 ,$96.67 ,$93.07 ,Yes,$94.88 
13,3/14/2023,$94.88 ,60912670,$93.83 ,$95.07 ,$92.71 ,Yes,$92.43 
14,3/13/2023,$92.43 ,72397050,$89.97 ,$94.02 ,$88.12 ,Yes,$90.73 
15,3/10/2023,$90.73 ,69827490,$92.67 ,$93.57 ,$90.25 ,No,$92.25 
16,3/9/2023,$92.25 ,56218710,$93.68 ,$96.21 ,$92.18 ,No,$93.92 
17,3/8/2023,$93.92 ,44899130,$93.60 ,$94.17 ,$92.18 ,Yes,$93.55 
18,3/7/2023,$93.55 ,49100670,$94.06 ,$95.09 ,$92.78 ,No,$93.75 
19,3/6/2023,$93.75 ,52112360,$95.19 ,$96.55 ,$93.74 ,No,$94.90 
20,3/3/2023,$94.90 ,55759610,$92.74 ,$94.94 ,$92.66 ,Yes,$92.13 
21,3/2/2023,$92.13 ,55574820,$91.41 ,$92.23 ,$90.39 ,No,$92.17 
22,3/1/2023,$92.17 ,52299520,$93.87 ,$94.68 ,$91.59 ,No,$94.23 
23,2/28/2023,$94.23 ,43959290,$93.14 ,$94.69 ,$92.92 ,Yes,$93.76 
24,2/27/2023,$93.76 ,47470320,$94.28 ,$94.78 ,$93.14 ,Yes,$93.50 
25,2/24/2023,$93.50 ,57053810,$93.53 ,$94.14 ,$92.32 ,No,$95.82 
26,2/23/2023,$95.82 ,48466990,$96.12 ,$96.43 ,$93.67 ,Yes,$95.79 
27,2/22/2023,$95.79 ,59534090,$95.10 ,$97.01 ,$94.80 ,Yes,$94.58 
28,2/21/2023,$94.58 ,56580360,$95.34 ,$95.61 ,$94.27 ,No,$97.20 
29,2/17/2023,$97.20 ,60029410,$97.80 ,$97.94 ,$95.65 ,No,$98.15 
30,2/16/2023,$98.15 ,56339170,$99.21 ,$100.63 ,$98.10 ,No,$101.16 
31,2/15/2023,$101.16 ,48053880,$99.09 ,$101.17 ,$98.45 ,Yes,$99.70 
32,2/14/2023,$99.70 ,56202900,$98.41 ,$100.92 ,$97.52 ,Yes,$99.54 
33,2/13/2023,$99.54 ,52841460,$97.85 ,$99.68 ,$96.91 ,Yes,$97.61 
34,2/10/2023,$97.61 ,52740130,$97.56 ,$98.82 ,$96.23 ,No,$98.24 
35,2/9/2023,$98.24 ,64622490,$101.32 ,$101.78 ,$97.57 ,No,$100.05 
36,2/8/2023,$100.05 ,75878300,$102.04 ,$102.67 ,$98.78 ,No,$102.11 
37,2/7/2023,$102.11 ,119501300,$101.17 ,$102.41 ,$98.08 ,No,$102.18 
38,2/6/2023,$102.18 ,81945200,$102.93 ,$103.95 ,$100.65 ,No,$103.39 
39,2/3/2023,$103.39 ,144374800,$105.26 ,$108.78 ,$102.52 ,No,$112.91 
40,2/2/2023,$112.91 ,158154200,$110.25 ,$114.00 ,$108.88 ,Yes,$105.15 
41,2/1/2023,$105.15 ,80450120,$102.53 ,$106.24 ,$101.24 ,Yes,$103.13 
42,1/31/2023,$103.13 ,66527250,$101.16 ,$103.35 ,$101.14 ,Yes,$100.55 
43,1/30/2023,$100.55 ,70691860,$101.09 ,$101.74 ,$99.01 ,No,$102.24 
44,1/27/2023,$102.24 ,87775610,$99.53 ,$103.49 ,$99.53 ,Yes,$99.22 
45,1/26/2023,$99.22 ,68523560,$98.24 ,$99.49 ,$96.92 ,Yes,$97.18 
46,1/25/2023,$97.18 ,94261570,$92.56 ,$97.24 ,$91.52 ,Yes,$96.32 
47,1/24/2023,$96.32 ,66929450,$96.93 ,$98.09 ,$96.00 ,No,$97.52 
48,1/23/2023,$97.52 ,76501100,$97.56 ,$97.78 ,$95.86 ,Yes,$97.25 
49,1/20/2023,$97.25 ,67481540,$93.86 ,$97.35 ,$93.20 ,Yes,$93.68 
50,1/19/2023,$93.68 ,69002660,$94.74 ,$95.44 ,$92.86 ,No,$95.46 
51,1/18/2023,$95.46 ,79570370,$97.25 ,$99.32 ,$95.38 ,No,$96.05 
52,1/17/2023,$96.05 ,72755000,$98.68 ,$98.89 ,$95.73 ,No,$98.12 
53,1/13/2023,$98.12 ,85549430,$94.18 ,$98.37 ,$94.12 ,Yes,$95.27 
54,1/12/2023,$95.27 ,85254780,$96.93 ,$97.19 ,$93.50 ,Yes,$95.09 
55,1/11/2023,$95.09 ,103126200,$90.93 ,$95.26 ,$90.93 ,Yes,$89.87 
56,1/10/2023,$89.87 ,67756600,$87.57 ,$90.19 ,$87.29 ,Yes,$87.36 
57,1/9/2023,$87.36 ,65266060,$87.46 ,$89.48 ,$87.08 ,Yes,$86.08 
58,1/6/2023,$86.08 ,83303360,$83.03 ,$86.40 ,$81.43 ,Yes,$83.12 
59,1/5/2023,$83.12 ,67930830,$85.33 ,$85.42 ,$83.07 ,No,$85.14 
60,1/4/2023,$85.14 ,68885120,$86.55 ,$86.98 ,$83.36 ,No,$85.82 
61,1/3/2023,$85.82 ,76706040,$85.46 ,$86.96 ,$84.21 ,Yes,$84.00 
62,12/30/2022,$84.00 ,62401190,$83.12 ,$84.05 ,$82.47 ,No,$84.18 
63,12/29/2022,$84.18 ,54995900,$82.87 ,$84.55 ,$82.55 ,Yes,$81.82 
64,12/28/2022,$81.82 ,58228580,$82.80 ,$83.48 ,$81.69 ,No,$83.04 
65,12/27/2022,$83.04 ,57284040,$84.97 ,$85.35 ,$83.00 ,No,$85.25 
66,12/23/2022,$85.25 ,57433660,$83.25 ,$85.78 ,$82.93 ,Yes,$83.79 
67,12/22/2022,$83.79 ,81431310,$85.52 ,$85.68 ,$82.25 ,No,$86.77 
68,12/21/2022,$86.77 ,59267160,$86.18 ,$87.23 ,$85.21 ,Yes,$85.19 
69,12/20/2022,$85.19 ,74348300,$85.33 ,$86.61 ,$84.33 ,Yes,$84.92 
70,12/19/2022,$84.92 ,83531460,$87.51 ,$87.63 ,$84.51 ,No,$87.86 
71,12/16/2022,$87.86 ,146144100,$88.27 ,$89.35 ,$86.73 ,No,$88.45 
72,12/15/2022,$88.45 ,84802880,$89.89 ,$89.97 ,$87.47 ,No,$91.58 
73,12/14/2022,$91.58 ,70298010,$92.50 ,$93.46 ,$89.87 ,No,$92.49 
74,12/13/2022,$92.49 ,100212000,$95.23 ,$96.25 ,$90.52 ,Yes,$90.55 
75,12/12/2022,$90.55 ,61999760,$89.21 ,$90.58 ,$87.87 ,Yes,$89.09 
76,12/9/2022,$89.09 ,67398510,$88.90 ,$90.30 ,$88.63 ,No,$90.35 
77,12/8/2022,$90.35 ,73305890,$89.24 ,$90.86 ,$87.88 ,Yes,$88.46 
78,12/7/2022,$88.46 ,68086880,$88.34 ,$89.89 ,$87.48 ,Yes,$88.25 
79,12/6/2022,$88.25 ,75503630,$90.50 ,$91.04 ,$87.90 ,No,$91.01 
80,12/5/2022,$91.01 ,71535530,$93.05 ,$94.06 ,$90.82 ,No,$94.13 
81,12/2/2022,$94.13 ,72496390,$94.48 ,$95.36 ,$93.78 ,No,$95.50 
82,12/1/2022,$95.50 ,68487970,$96.99 ,$97.23 ,$94.92 ,No,$96.54 
83,11/30/2022,$96.54 ,102805800,$92.47 ,$96.54 ,$91.53 ,Yes,$92.42 
84,11/29/2022,$92.42 ,65567290,$94.04 ,$94.41 ,$91.44 ,No,$93.95 
85,11/28/2022,$93.95 ,75062320,$93.93 ,$96.40 ,$93.43 ,Yes,$93.41 
86,11/25/2022,$93.41 ,35088610,$93.79 ,$94.43 ,$93.07 ,No,$94.13 
87,11/23/2022,$94.13 ,59414680,$93.24 ,$94.58 ,$92.83 ,Yes,$93.20 
88,11/22/2022,$93.20 ,62191960,$92.62 ,$93.35 ,$90.87 ,Yes,$92.46 
89,11/21/2022,$92.46 ,84330270,$93.97 ,$95.02 ,$90.59 ,No,$94.14 
90,11/18/2022,$94.14 ,72428190,$95.95 ,$95.99 ,$92.48 ,No,$94.85 
91,11/17/2022,$94.85 ,82617870,$95.37 ,$96.97 ,$94.03 ,No,$97.12 
92,11/16/2022,$97.12 ,87958830,$96.85 ,$98.49 ,$95.54 ,No,$98.94 
93,11/15/2022,$98.94 ,111336300,$103.21 ,$103.79 ,$97.34 ,Yes,$98.49 
94,11/14/2022,$98.49 ,99533070,$98.77 ,$100.12 ,$97.29 ,No,$100.79 
95,11/11/2022,$100.79 ,111590500,$97.88 ,$101.19 ,$96.66 ,Yes,$96.63 
96,11/10/2022,$96.63 ,173414900,$92.94 ,$98.69 ,$91.65 ,Yes,$86.14 
97,11/9/2022,$86.14 ,90796250,$89.47 ,$89.48 ,$85.87 ,No,$89.98 
98,11/8/2022,$89.98 ,88703370,$90.79 ,$91.72 ,$88.23 ,No,$90.53 
99,11/7/2022,$90.53 ,77495730,$91.95 ,$92.10 ,$89.04 ,No,$90.98 
100,11/4/2022,$90.98 ,129101300,$91.49 ,$92.44 ,$88.04 ,Yes,$89.30 
101,11/3/2022,$89.30 ,136683300,$92.47 ,$93.50 ,$89.02 ,No,$92.12 
102,11/2/2022,$92.12 ,135761800,$97.32 ,$97.74 ,$92.01 ,No,$96.79 
103,11/1/2022,$96.79 ,153370000,$103.99 ,$104.58 ,$96.06 ,No,$102.44 
104,10/31/2022,$102.44 ,99251400,$103.56 ,$104.87 ,$100.74 ,No,$103.41 
105,10/28/2022,$103.41 ,223133400,$97.91 ,$103.96 ,$97.66 ,No,$110.96 
106,10/27/2022,$110.96 ,129605400,$113.92 ,$114.12 ,$109.77 ,No,$115.66 
107,10/26/2022,$115.66 ,69002460,$116.00 ,$119.35 ,$114.76 ,No,$120.60 
108,10/25/2022,$120.60 ,50934610,$119.65 ,$121.32 ,$118.95 ,Yes,$119.82 
109,10/24/2022,$119.82 ,49531520,$119.98 ,$120.39 ,$116.57 ,Yes,$119.32 
110,10/21/2022,$119.32 ,55660490,$114.79 ,$119.59 ,$114.50 ,Yes,$115.25 
111,10/20/2022,$115.25 ,48795100,$113.83 ,$118.24 ,$113.51 ,Yes,$115.07 
112,10/19/2022,$115.07 ,47198120,$114.71 ,$116.59 ,$113.22 ,No,$116.36 
113,10/18/2022,$116.36 ,65607450,$119.06 ,$119.52 ,$114.79 ,Yes,$113.79 
114,10/17/2022,$113.79 ,62781990,$110.11 ,$114.19 ,$110.09 ,Yes,$106.90 
115,10/14/2022,$106.90 ,67737340,$114.10 ,$114.96 ,$106.60 ,No,$112.53 
116,10/13/2022,$112.53 ,86868100,$107.88 ,$113.44 ,$105.35 ,No,$112.90 
117,10/12/2022,$112.90 ,45728660,$112.49 ,$113.83 ,$111.40 ,Yes,$112.21 
118,10/11/2022,$112.21 ,56432230,$112.71 ,$115.48 ,$110.39 ,No,$113.67 
119,10/10/2022,$113.67 ,42339680,$115.10 ,$116.25 ,$112.43 ,No,$114.56 
120,10/7/2022,$114.56 ,54677980,$118.00 ,$118.17 ,$113.88 ,No,$120.30 
121,10/6/2022,$120.30 ,42253760,$120.77 ,$121.53 ,$119.50 ,No,$120.95 
122,10/5/2022,$120.95 ,48217540,$118.58 ,$121.75 ,$117.69 ,No,$121.09 
123,10/4/2022,$121.09 ,62812560,$119.89 ,$123.00 ,$119.79 ,Yes,$115.88 
124,10/3/2022,$115.88 ,50941850,$113.58 ,$116.91 ,$112.45 ,Yes,$113.00 
125,9/30/2022,$113.00 ,59479590,$114.08 ,$116.92 ,$112.84 ,No,$114.80 
126,9/29/2022,$114.80 ,58969710,$115.60 ,$116.07 ,$113.06 ,No,$118.01 
127,9/28/2022,$118.01 ,55763750,$114.38 ,$118.70 ,$113.80 ,Yes,$114.41 
128,9/27/2022,$114.41 ,60094690,$117.20 ,$118.32 ,$113.05 ,No,$115.15 
129,9/26/2022,$115.15 ,62723270,$113.30 ,$117.34 ,$113.13 ,Yes,$113.78 
130,9/23/2022,$113.78 ,65126670,$116.00 ,$116.05 ,$112.06 ,No,$117.31 
131,9/22/2022,$117.31 ,55229190,$117.08 ,$118.79 ,$116.26 ,No,$118.54 
132,9/21/2022,$118.54 ,58498890,$122.49 ,$123.76 ,$118.45 ,No,$122.19 
133,9/20/2022,$122.19 ,47698430,$123.35 ,$124.40 ,$121.14 ,No,$124.66 
134,9/19/2022,$124.66 ,47279730,$122.16 ,$124.71 ,$121.80 ,Yes,$123.53 
135,9/16/2022,$123.53 ,115667800,$122.78 ,$123.87 ,$120.70 ,No,$126.28 
136,9/15/2022,$126.28 ,52887200,$127.38 ,$130.37 ,$125.50 ,No,$128.55 
137,9/14/2022,$128.55 ,45316770,$127.36 ,$128.84 ,$126.33 ,Yes,$126.82 
138,9/13/2022,$126.82 ,72694010,$131.01 ,$131.40 ,$126.27 ,No,$136.45 
139,9/12/2022,$136.45 ,53826860,$134.10 ,$136.49 ,$134.00 ,Yes,$133.27 
140,9/9/2022,$133.27 ,49422260,$130.91 ,$133.69 ,$130.76 ,Yes,$129.82 
141,9/8/2022,$129.82 ,43988510,$127.72 ,$130.28 ,$127.10 ,Yes,$129.48 
142,9/7/2022,$129.48 ,47834490,$126.12 ,$129.82 ,$125.40 ,Yes,$126.11 
143,9/6/2022,$126.11 ,43888590,$127.92 ,$128.62 ,$124.74 ,No,$127.51 
144,9/2/2022,$127.51 ,57429830,$129.50 ,$131.38 ,$126.39 ,No,$127.82 
145,9/1/2022,$127.82 ,56636150,$126.00 ,$128.02 ,$123.66 ,Yes,$126.77 
146,8/31/2022,$126.77 ,53648700,$129.45 ,$130.59 ,$126.74 ,No,$128.73 
147,8/30/2022,$128.73 ,49202990,$131.25 ,$132.07 ,$126.85 ,No,$129.79 
148,8/29/2022,$129.79 ,48101640,$129.90 ,$131.95 ,$128.77 ,No,$130.75 
149,8/26/2022,$130.75 ,53322660,$136.55 ,$137.83 ,$130.50 ,No,$137.28 
150,8/25/2022,$137.28 ,37496280,$135.26 ,$137.42 ,$134.28 ,Yes,$133.80 
151,8/24/2022,$133.80 ,38626980,$132.75 ,$135.47 ,$132.10 ,Yes,$133.62 
152,8/23/2022,$133.62 ,36252100,$133.41 ,$134.99 ,$132.95 ,Yes,$133.22 
153,8/22/2022,$133.22 ,50461500,$135.72 ,$136.32 ,$132.85 ,No,$138.23 
154,8/19/2022,$138.23 ,47792840,$140.47 ,$141.11 ,$137.91 ,No,$142.30 
155,8/18/2022,$142.30 ,37458740,$141.32 ,$142.77 ,$140.38 ,Yes,$142.10 
156,8/17/2022,$142.10 ,48149780,$142.69 ,$143.38 ,$140.78 ,No,$144.78 
157,8/16/2022,$144.78 ,59102860,$143.91 ,$146.57 ,$142.00 ,Yes,$143.18 
158,8/15/2022,$143.18 ,39014580,$142.80 ,$143.76 ,$141.49 ,No,$143.55 
159,8/12/2022,$143.55 ,47643480,$142.05 ,$143.57 ,$140.12 ,Yes,$140.64 
160,8/11/2022,$140.64 ,44867340,$143.86 ,$144.49 ,$139.76 ,No,$142.69 
161,8/10/2022,$142.69 ,54773820,$142.90 ,$144.60 ,$141.01 ,Yes,$137.83 
162,8/9/2022,$137.83 ,40434720,$138.05 ,$138.95 ,$136.21 ,No,$139.41 
163,8/8/2022,$139.41 ,52303480,$142.05 ,$144.23 ,$138.29 ,No,$140.80 
164,8/5/2022,$140.80 ,50686870,$140.10 ,$142.86 ,$139.60 ,No,$142.57 
165,8/4/2022,$142.57 ,70585020,$140.58 ,$143.56 ,$139.55 ,Yes,$139.52 
166,8/3/2022,$139.52 ,71827780,$136.21 ,$140.49 ,$136.05 ,Yes,$134.16 
167,8/2/2022,$134.16 ,61922430,$134.72 ,$137.44 ,$134.09 ,No,$135.39 
168,8/1/2022,$135.39 ,76846910,$134.96 ,$138.83 ,$133.51 ,Yes,$134.95 
169,7/29/2022,$134.95 ,148892900,$134.90 ,$137.65 ,$132.41 ,Yes,$122.28 
170,7/28/2022,$122.28 ,82245540,$121.57 ,$122.84 ,$118.08 ,Yes,$120.97 
171,7/27/2022,$120.97 ,61582020,$117.31 ,$121.90 ,$117.16 ,Yes,$114.81 
172,7/26/2022,$114.81 ,67075060,$115.79 ,$118.15 ,$114.53 ,No,$121.14 
173,7/25/2022,$121.14 ,50221260,$122.70 ,$123.64 ,$120.03 ,No,$122.42 
174,7/22/2022,$122.42 ,51463800,$125.01 ,$125.50 ,$121.35 ,No,$124.63 
175,7/21/2022,$124.63 ,60239890,$123.20 ,$124.85 ,$121.26 ,Yes,$122.77 
176,7/20/2022,$122.77 ,71268320,$118.62 ,$123.48 ,$118.32 ,Yes,$118.21 
177,7/19/2022,$118.21 ,60990040,$115.70 ,$118.95 ,$114.03 ,Yes,$113.76 
178,7/18/2022,$113.76 ,59115420,$115.00 ,$117.24 ,$113.15 ,Yes,$113.55 
179,7/15/2022,$113.55 ,84317820,$112.50 ,$115.59 ,$111.59 ,Yes,$110.63 
180,7/14/2022,$110.63 ,51163140,$110.24 ,$111.18 ,$107.58 ,Yes,$110.40 
181,7/13/2022,$110.40 ,61353810,$107.03 ,$111.78 ,$106.01 ,Yes,$109.22 
182,7/12/2022,$109.22 ,54280260,$112.16 ,$113.23 ,$108.34 ,No,$111.75 
183,7/11/2022,$111.75 ,53540020,$114.08 ,$114.30 ,$110.87 ,No,$115.54 
184,7/8/2022,$115.54 ,45719690,$114.60 ,$116.58 ,$113.69 ,No,$116.33 
185,7/7/2022,$116.33 ,57872320,$113.85 ,$116.99 ,$113.49 ,Yes,$114.33 
186,7/6/2022,$114.33 ,66958880,$113.21 ,$115.48 ,$112.01 ,Yes,$113.50 
187,7/5/2022,$113.50 ,76684410,$107.60 ,$114.08 ,$106.32 ,Yes,$109.56 
188,7/1/2022,$109.56 ,73021170,$106.29 ,$109.75 ,$105.85 ,Yes,$106.21 
189,6/30/2022,$106.21 ,97679400,$108.11 ,$108.18 ,$102.52 ,No,$108.92 
190,6/29/2022,$108.92 ,66375340,$107.38 ,$110.99 ,$106.91 ,Yes,$107.40 
191,6/28/2022,$107.40 ,75172030,$113.50 ,$114.85 ,$107.04 ,No,$113.22 
192,6/27/2022,$113.22 ,62133240,$117.09 ,$117.98 ,$112.70 ,No,$116.46 
193,6/24/2022,$116.46 ,69867620,$112.38 ,$116.71 ,$111.43 ,Yes,$112.44 
194,6/23/2022,$112.44 ,64345300,$110.39 ,$113.00 ,$107.93 ,Yes,$108.95 
195,6/22/2022,$108.95 ,60040130,$107.43 ,$112.13 ,$107.02 ,Yes,$108.68 
196,6/21/2022,$108.68 ,70901250,$108.20 ,$111.63 ,$103.56 ,Yes,$106.22 
197,6/17/2022,$106.22 ,99772150,$102.80 ,$106.98 ,$102.51 ,Yes,$103.66 
198,6/16/2022,$103.66 ,82186300,$104.47 ,$104.58 ,$102.01 ,No,$107.67 
199,6/15/2022,$107.67 ,85011060,$103.86 ,$109.06 ,$103.53 ,Yes,$102.31 
200,6/14/2022,$102.31 ,69728760,$104.19 ,$104.88 ,$101.43 ,No,$103.67 
201,6/13/2022,$103.67 ,99277740,$104.19 ,$106.54 ,$101.86 ,No,$109.65 
202,6/10/2022,$109.65 ,87412250,$113.42 ,$114.50 ,$109.05 ,No,$116.15 
203,6/9/2022,$116.15 ,67029840,$119.99 ,$121.30 ,$116.10 ,No,$121.18 
204,6/8/2022,$121.18 ,64926590,$122.61 ,$123.75 ,$120.75 ,No,$123.00 
205,6/7/2022,$123.00 ,85156710,$122.01 ,$124.10 ,$120.63 ,No,$124.79 
206,6/6/2022,$124.79 ,135269000,$125.25 ,$128.99 ,$123.81 ,Yes,$122.35 
207,6/3/2022,$122.35 ,97603320,$124.20 ,$124.40 ,$121.05 ,No,$125.51 
208,6/2/2022,$125.51 ,100560680,$121.68 ,$125.61 ,$120.05 ,Yes,$121.68 
209,6/1/2022,$121.68 ,127528980,$122.26 ,$125.18 ,$120.62 ,Yes,$120.21 
210,5/31/2022,$120.21 ,144634160,$116.28 ,$121.99 ,$115.68 ,Yes,$115.15 
211,5/27/2022,$115.15 ,93660160,$113.55 ,$115.19 ,$112.63 ,Yes,$111.08 
212,5/26/2022,$111.08 ,93002600,$107.97 ,$112.67 ,$107.45 ,Yes,$106.78 
213,5/25/2022,$106.78 ,93120100,$103.66 ,$108.18 ,$103.65 ,Yes,$104.10 
214,5/24/2022,$104.10 ,102934680,$104.03 ,$105.40 ,$101.26 ,No,$107.56 
215,5/23/2022,$107.56 ,107797360,$108.46 ,$108.82 ,$103.95 ,No,$107.59 
216,5/20/2022,$107.59 ,99500640,$109.57 ,$109.90 ,$105.01 ,Yes,$107.32 
217,5/19/2022,$107.32 ,88142540,$106.28 ,$110.03 ,$106.19 ,Yes,$107.11 
218,5/18/2022,$107.11 ,108379180,$111.44 ,$112.85 ,$106.25 ,No,$115.37 
219,5/17/2022,$115.37 ,76447740,$113.28 ,$115.80 ,$111.28 ,Yes,$110.81 
220,5/16/2022,$110.81 ,74565740,$113.10 ,$113.99 ,$110.35 ,No,$113.06 
221,5/13/2022,$113.06 ,93684560,$109.07 ,$113.18 ,$107.80 ,Yes,$106.93 
222,5/12/2022,$106.93 ,132025140,$102.75 ,$110.78 ,$102.41 ,Yes,$105.37 
223,5/11/2022,$105.37 ,109703640,$108.10 ,$110.16 ,$104.43 ,No,$108.86 
224,5/10/2022,$108.86 ,105433820,$111.25 ,$112.64 ,$107.17 ,Yes,$108.79 
225,5/9/2022,$108.79 ,128124380,$111.31 ,$114.00 ,$107.96 ,No,$114.77 
226,5/6/2022,$114.77 ,124259900,$114.85 ,$119.05 ,$113.08 ,No,$116.41 
227,5/5/2022,$116.41 ,144391220,$123.00 ,$123.50 ,$115.07 ,No,$125.93 
228,5/4/2022,$125.93 ,110745360,$123.60 ,$126.00 ,$119.18 ,Yes,$124.25 
229,5/3/2022,$124.25 ,79133360,$124.05 ,$126.22 ,$122.83 ,No,$124.50 
230,5/2/2022,$124.50 ,148788980,$122.40 ,$124.67 ,$118.38 ,Yes,$124.28 
231,4/29/2022,$124.28 ,272661800,$129.85 ,$130.76 ,$121.63 ,No,$144.60 
232,4/28/2022,$144.60 ,117316940,$142.18 ,$145.94 ,$140.30 ,Yes,$138.17 
233,4/27/2022,$138.17 ,71336300,$140.19 ,$141.95 ,$135.78 ,No,$139.39 
234,4/26/2022,$139.39 ,77529160,$144.80 ,$144.86 ,$138.93 ,No,$146.07 
235,4/25/2022,$146.07 ,61874980,$144.02 ,$146.22 ,$142.31 ,Yes,$144.35 
236,4/22/2022,$144.35 ,73078580,$148.25 ,$149.62 ,$143.70 ,No,$148.30 
237,4/21/2022,$148.30 ,63969320,$154.71 ,$156.74 ,$147.59 ,No,$154.00 
238,4/20/2022,$154.00 ,59630020,$157.60 ,$157.60 ,$153.60 ,No,$158.12 
239,4/19/2022,$158.12 ,54926420,$152.03 ,$158.65 ,$151.55 ,Yes,$152.79 
240,4/18/2022,$152.79 ,46513520,$151.52 ,$154.04 ,$150.25 ,Yes,$151.71 
241,4/14/2022,$151.71 ,51598140,$155.39 ,$155.90 ,$151.47 ,No,$155.54 
242,4/13/2022,$155.54 ,53390880,$150.02 ,$156.03 ,$149.60 ,Yes,$150.79 
243,4/12/2022,$150.79 ,55177440,$153.69 ,$155.10 ,$150.38 ,No,$151.12 
244,4/11/2022,$151.12 ,52112340,$152.71 ,$154.14 ,$150.53 ,No,$154.46 
245,4/8/2022,$154.46 ,46001660,$156.75 ,$157.37 ,$154.23 ,No,$157.78 
246,4/7/2022,$157.78 ,68136780,$158.40 ,$160.08 ,$154.51 ,No,$158.76 
247,4/6/2022,$158.76 ,79055760,$161.65 ,$162.20 ,$157.25 ,No,$164.06 
248,4/5/2022,$164.06 ,53728560,$167.74 ,$168.11 ,$163.27 ,No,$168.35 
249,4/4/2022,$168.35 ,50007960,$164.13 ,$168.39 ,$163.21 ,Yes,$163.56 
250,4/1/2022,$163.56 ,57089500,$164.15 ,$165.83 ,$162.32 ,Yes,$163.00 
251,3/31/2022,$163.00 ,59965780,$166.44 ,$166.50 ,$162.95 ,No,$166.30 
252,3/30/2022,$166.30 ,56167260,$168.51 ,$168.95 ,$165.50 ,No,$169.32 
253,3/29/2022,$169.32 ,66153600,$170.38 ,$170.83 ,$167.87 ,Yes,$168.99 
254,3/28/2022,$168.99 ,59853820,$164.98 ,$169.04 ,$164.90 ,Yes,$164.77 
255,3/25/2022,$164.77 ,49085500,$164.00 ,$165.37 ,$162.25 ,Yes,$163.65 
256,3/24/2022,$163.65 ,56798060,$163.75 ,$164.12 ,$160.05 ,Yes,$163.41 
257,3/23/2022,$163.41 ,55811860,$163.71 ,$166.37 ,$162.69 ,No,$164.89 
258,3/22/2022,$164.89 ,64086120,$161.81 ,$166.17 ,$161.70 ,Yes,$161.49 
259,3/21/2022,$161.49 ,66537520,$161.12 ,$163.08 ,$159.55 ,Yes,$161.25 
260,3/18/2022,$161.25 ,102962760,$156.81 ,$161.59 ,$156.01 ,Yes,$157.24 
261,3/17/2022,$157.24 ,72934840,$152.64 ,$157.50 ,$152.14 ,Yes,$153.10 
262,3/16/2022,$153.10 ,84957680,$148.50 ,$153.15 ,$147.35 ,Yes,$147.37 
263,3/15/2022,$147.37 ,75584600,$142.85 ,$147.99 ,$142.00 ,Yes,$141.85 
264,3/14/2022,$141.85 ,74086100,$145.98 ,$147.45 ,$140.88 ,No,$145.52 
265,3/11/2022,$145.52 ,68900560,$149.57 ,$149.68 ,$145.37 ,No,$146.82 
266,3/10/2022,$146.82 ,135062900,$145.69 ,$148.67 ,$143.98 ,Yes,$139.28 
267,3/9/2022,$139.28 ,82656660,$139.50 ,$140.25 ,$136.83 ,Yes,$136.01 
268,3/8/2022,$136.01 ,91662580,$136.68 ,$140.70 ,$133.57 ,No,$137.45 
269,3/7/2022,$137.45 ,86933860,$145.44 ,$146.09 ,$137.42 ,No,$145.64 
270,3/4/2022,$145.64 ,60983120,$147.16 ,$147.85 ,$143.81 ,No,$147.90 
271,3/3/2022,$147.90 ,65197200,$153.53 ,$153.93 ,$146.86 ,No,$152.05 
272,3/2/2022,$152.05 ,47334720,$150.85 ,$153.00 ,$148.75 ,Yes,$151.14 
273,3/1/2022,$151.14 ,44873580,$152.73 ,$154.10 ,$149.98 ,No,$153.56 
274,2/28/2022,$153.56 ,57683420,$152.43 ,$154.45 ,$150.85 ,No,$153.79 
275,2/25/2022,$153.79 ,62395360,$150.55 ,$153.99 ,$149.21 ,Yes,$151.36 
276,2/24/2022,$151.36 ,100785760,$139.84 ,$151.75 ,$139.50 ,Yes,$144.83 
277,2/23/2022,$144.83 ,64243560,$151.65 ,$151.76 ,$144.65 ,No,$150.20 
278,2/22/2022,$150.20 ,66128240,$150.48 ,$152.98 ,$148.49 ,No,$152.60 
279,2/18/2022,$152.60 ,63604100,$155.50 ,$155.50 ,$150.89 ,No,$154.65 
280,2/17/2022,$154.65 ,64032500,$158.15 ,$160.35 ,$154.50 ,No,$158.10 
281,2/16/2022,$158.10 ,52704280,$155.79 ,$158.83 ,$154.73 ,Yes,$156.51 
282,2/15/2022,$156.51 ,56970660,$157.61 ,$158.01 ,$154.64 ,Yes,$155.17 
283,2/14/2022,$155.17 ,83230700,$151.75 ,$158.45 ,$151.65 ,Yes,$153.29 
284,2/11/2022,$153.29 ,77100440,$158.13 ,$159.00 ,$152.73 ,No,$159.00 
285,2/10/2022,$159.00 ,68268120,$158.35 ,$160.72 ,$157.75 ,No,$161.19 
286,2/9/2022,$161.19 ,68785600,$162.87 ,$163.83 ,$160.25 ,No,$161.41 
287,2/8/2022,$161.41 ,76040360,$156.75 ,$161.79 ,$155.55 ,Yes,$157.94 
288,2/7/2022,$157.94 ,102624380,$158.52 ,$162.69 ,$157.25 ,Yes,$157.64 
289,2/4/2022,$157.64 ,253455800,$155.61 ,$161.20 ,$150.61 ,Yes,$138.85 
290,2/3/2022,$138.85 ,225531400,$141.74 ,$144.25 ,$138.33 ,No,$150.61 
291,2/2/2022,$150.61 ,87329760,$155.05 ,$155.08 ,$148.86 ,No,$151.19 
292,2/1/2022,$151.19 ,59219840,$150.00 ,$151.71 ,$147.63 ,Yes,$149.57 
293,1/31/2022,$149.57 ,78307440,$144.75 ,$150.36 ,$144.30 ,Yes,$143.98 
294,1/28/2022,$143.98 ,74391980,$140.86 ,$144.00 ,$137.93 ,Yes,$139.64 
295,1/27/2022,$139.64 ,77515800,$140.80 ,$144.24 ,$139.35 ,Yes,$138.87 
296,1/26/2022,$138.87 ,95601700,$144.75 ,$145.18 ,$137.32 ,No,$139.99 
297,1/25/2022,$139.99 ,90824660,$142.24 ,$143.60 ,$138.15 ,No,$144.54 
298,1/24/2022,$144.54 ,156044740,$139.00 ,$144.95 ,$135.35 ,Yes,$142.64 
299,1/21/2022,$142.64 ,163971440,$149.95 ,$150.90 ,$142.07 ,No,$151.67 
300,1/20/2022,$151.67 ,71973320,$156.77 ,$158.00 ,$151.35 ,No,$156.30 
301,1/19/2022,$156.30 ,53241920,$158.76 ,$159.25 ,$156.25 ,No,$158.92 
302,1/18/2022,$158.92 ,67441440,$159.11 ,$159.73 ,$157.66 ,No,$162.14 
303,1/14/2022,$162.14 ,45974860,$160.15 ,$162.25 ,$159.80 ,Yes,$161.21 
304,1/13/2022,$161.21 ,52188300,$165.25 ,$166.22 ,$161.09 ,No,$165.21 
305,1/12/2022,$165.21 ,50029120,$166.58 ,$166.88 ,$164.42 ,No,$165.36 
306,1/11/2022,$165.36 ,62805580,$161.50 ,$166.35 ,$160.70 ,Yes,$161.49 
307,1/10/2022,$161.49 ,87798300,$160.59 ,$161.66 ,$156.30 ,No,$162.55 
308,1/7/2022,$162.55 ,46605900,$163.84 ,$165.24 ,$162.03 ,No,$163.25 
309,1/6/2022,$163.25 ,51957780,$163.45 ,$164.80 ,$161.94 ,No,$164.36 
310,1/5/2022,$164.36 ,64302720,$166.88 ,$167.13 ,$164.36 ,No,$167.52 
311,1/4/2022,$167.52 ,70725160,$170.44 ,$171.40 ,$166.35 ,No,$170.40 
312,1/3/2022,$170.40 ,63869140,$167.55 ,$170.70 ,$166.16 ,Yes,$166.72 
313,12/31/2021,$166.72 ,47830380,$168.96 ,$169.35 ,$166.56 ,No,$168.64 
314,12/30/2021,$168.64 ,37583100,$169.70 ,$170.89 ,$168.52 ,No,$169.20 
315,12/29/2021,$169.20 ,35754040,$170.84 ,$171.21 ,$168.60 ,No,$170.66 
316,12/28/2021,$170.66 ,54711860,$170.18 ,$172.18 ,$169.14 ,Yes,$169.67 
317,12/27/2021,$169.67 ,58846820,$171.04 ,$172.94 ,$169.22 ,No,$171.07 
318,12/23/2021,$171.07 ,36788240,$170.43 ,$171.98 ,$170.15 ,Yes,$171.04 
319,12/22/2021,$171.04 ,55035460,$169.27 ,$172.05 ,$168.50 ,Yes,$170.42 
320,12/21/2021,$170.42 ,55955820,$167.85 ,$170.72 ,$165.65 ,Yes,$167.08 
321,12/20/2021,$167.08 ,57372660,$166.85 ,$167.87 ,$165.60 ,No,$170.02 
322,12/17/2021,$170.02 ,85755160,$167.71 ,$170.90 ,$165.61 ,Yes,$168.87 
323,12/16/2021,$168.87 ,60876840,$173.37 ,$174.17 ,$168.16 ,No,$173.32 
324,12/15/2021,$173.32 ,75794260,$168.60 ,$173.60 ,$165.20 ,Yes,$169.09 
325,12/14/2021,$169.09 ,55975280,$167.55 ,$169.50 ,$166.44 ,No,$169.57 
326,12/13/2021,$169.57 ,62169000,$172.00 ,$172.10 ,$169.13 ,No,$172.21 
327,12/10/2021,$172.21 ,60689760,$175.42 ,$175.93 ,$170.50 ,No,$174.17 
328,12/9/2021,$174.17 ,46061820,$175.75 ,$176.97 ,$174.14 ,No,$176.16 
329,12/8/2021,$176.16 ,45253660,$176.15 ,$177.18 ,$174.75 ,Yes,$176.16 
330,12/7/2021,$176.16 ,66410720,$174.60 ,$177.50 ,$173.33 ,Yes,$171.37 
331,12/6/2021,$171.37 ,68860000,$169.65 ,$173.70 ,$166.93 ,Yes,$169.49 
332,12/3/2021,$169.49 ,80711000,$172.75 ,$173.49 ,$166.93 ,No,$171.87 
333,12/2/2021,$171.87 ,64725760,$173.00 ,$174.64 ,$171.19 ,No,$172.19 
334,12/1/2021,$172.19 ,75139900,$177.25 ,$177.99 ,$172.08 ,No,$175.35 
335,11/30/2021,$175.35 ,80022140,$178.18 ,$179.29 ,$174.60 ,No,$178.08 
336,11/29/2021,$178.08 ,65311140,$177.38 ,$179.80 ,$176.58 ,Yes,$175.23 
337,11/26/2021,$175.23 ,59825940,$180.10 ,$181.68 ,$175.21 ,No,$179.02 
338,11/24/2021,$179.02 ,46560360,$178.13 ,$180.68 ,$176.84 ,Yes,$179.00 
339,11/23/2021,$179.00 ,73844920,$179.25 ,$181.05 ,$176.39 ,Yes,$178.63 
340,11/22/2021,$178.63 ,96957000,$183.82 ,$185.67 ,$178.38 ,No,$183.83 
341,11/19/2021,$183.83 ,98924060,$185.63 ,$188.11 ,$183.79 ,No,$184.80 
342,11/18/2021,$184.80 ,114070760,$178.32 ,$185.21 ,$178.05 ,Yes,$177.45 
343,11/17/2021,$177.45 ,51205400,$178.24 ,$179.36 ,$177.27 ,Yes,$177.04 
344,11/16/2021,$177.04 ,44341420,$176.95 ,$178.83 ,$176.26 ,No,$177.28 
345,11/15/2021,$177.28 ,58594380,$176.85 ,$179.69 ,$176.29 ,Yes,$176.26 
346,11/12/2021,$176.26 ,53788680,$174.25 ,$177.04 ,$172.35 ,Yes,$173.63 
347,11/11/2021,$173.63 ,45288120,$175.65 ,$177.16 ,$173.37 ,No,$174.10 
348,11/10/2021,$174.10 ,80548440,$178.19 ,$180.27 ,$173.15 ,No,$178.81 
349,11/9/2021,$178.81 ,85898440,$175.76 ,$179.69 ,$175.07 ,Yes,$174.45 
350,11/8/2021,$174.45 ,61479840,$176.16 ,$178.95 ,$174.39 ,No,$175.95 
351,11/5/2021,$175.95 ,99939020,$173.85 ,$178.31 ,$173.85 ,Yes,$173.85 
352,11/4/2021,$173.85 ,107060400,$168.50 ,$174.93 ,$168.25 ,Yes,$169.20 
353,11/3/2021,$169.20 ,67943780,$165.45 ,$169.75 ,$164.88 ,Yes,$165.64 
354,11/2/2021,$165.64 ,52551800,$165.75 ,$166.56 ,$164.18 ,No,$165.91 
355,11/1/2021,$165.91 ,72177580,$168.09 ,$168.79 ,$164.60 ,No,$168.62 
356,10/29/2021,$168.62 ,129721540,$165.00 ,$168.74 ,$163.67 ,No,$172.33 
357,10/28/2021,$172.33 ,114174660,$170.10 ,$173.95 ,$169.30 ,Yes,$169.62 
358,10/27/2021,$169.62 ,54044480,$169.40 ,$171.85 ,$168.57 ,Yes,$168.80 
359,10/26/2021,$168.80 ,53966840,$167.48 ,$170.81 ,$167.20 ,Yes,$166.02 
360,10/25/2021,$166.02 ,44519120,$166.75 ,$167.39 ,$164.89 ,No,$166.78 
361,10/22/2021,$166.78 ,62781060,$171.05 ,$171.49 ,$166.57 ,No,$171.75 
362,10/21/2021,$171.75 ,37627700,$170.71 ,$172.01 ,$170.15 ,Yes,$170.75 
363,10/20/2021,$170.75 ,42795540,$172.63 ,$173.14 ,$170.02 ,No,$172.21 
364,10/19/2021,$172.21 ,47721580,$171.71 ,$172.73 ,$171.10 ,No,$172.34 
365,10/18/2021,$172.34 ,63482300,$169.42 ,$172.46 ,$169.26 ,Yes,$170.45 
366,10/15/2021,$170.45 ,103598820,$165.57 ,$170.52 ,$165.20 ,Yes,$164.99 
367,10/14/2021,$164.99 ,42240400,$165.12 ,$165.63 ,$164.54 ,Yes,$164.21 
368,10/13/2021,$164.21 ,48501720,$163.49 ,$164.42 ,$163.05 ,Yes,$162.37 
369,10/12/2021,$162.37 ,36391420,$162.85 ,$163.38 ,$161.81 ,Yes,$162.32 
370,10/11/2021,$162.32 ,40684060,$163.75 ,$164.63 ,$161.91 ,No,$164.43 
371,10/8/2021,$164.43 ,39964340,$165.85 ,$166.07 ,$164.41 ,No,$165.12 
372,10/7/2021,$165.12 ,48181500,$164.58 ,$166.29 ,$164.15 ,Yes,$163.10 
373,10/6/2021,$163.10 ,50659540,$160.68 ,$163.22 ,$159.93 ,Yes,$161.05 
374,10/5/2021,$161.05 ,65384160,$160.23 ,$163.04 ,$160.12 ,Yes,$159.49 
375,10/4/2021,$159.49 ,90461140,$163.97 ,$164.00 ,$158.81 ,No,$164.16 
376,10/1/2021,$164.16 ,56712340,$164.45 ,$165.46 ,$162.80 ,No,$164.25 
377,9/30/2021,$164.25 ,56940660,$165.80 ,$166.39 ,$163.70 ,No,$165.06 
378,9/29/2021,$165.06 ,51245360,$166.11 ,$167.57 ,$164.89 ,No,$165.80 
379,9/28/2021,$165.80 ,88616380,$167.89 ,$168.46 ,$164.51 ,No,$170.29 
380,9/27/2021,$170.29 ,72689000,$168.58 ,$170.78 ,$166.98 ,No,$171.28 
381,9/24/2021,$171.28 ,42324820,$170.10 ,$171.46 ,$169.67 ,Yes,$170.80 
382,9/23/2021,$170.80 ,47588280,$169.00 ,$171.45 ,$169.00 ,Yes,$169.00 
383,9/22/2021,$169.00 ,48228060,$167.55 ,$169.45 ,$167.05 ,Yes,$167.18 
384,9/21/2021,$167.18 ,55617560,$168.75 ,$168.99 ,$166.62 ,No,$167.79 
385,9/20/2021,$167.79 ,93382600,$169.80 ,$170.95 ,$165.25 ,No,$173.13 
386,9/17/2021,$173.13 ,92331120,$174.42 ,$174.87 ,$172.61 ,No,$174.41 
387,9/16/2021,$174.41 ,51671960,$173.00 ,$174.63 ,$172.31 ,Yes,$173.79 
388,9/15/2021,$173.79 ,59150740,$172.13 ,$174.27 ,$170.10 ,Yes,$172.50 
389,9/14/2021,$172.50 ,38737940,$173.78 ,$174.34 ,$171.89 ,No,$172.86 
390,9/13/2021,$172.86 ,51380440,$174.14 ,$174.90 ,$171.90 ,No,$173.46 
391,9/10/2021,$173.46 ,47945380,$175.09 ,$175.42 ,$173.15 ,No,$174.21 
392,9/9/2021,$174.21 ,54384820,$176.30 ,$177.50 ,$174.02 ,No,$176.28 
393,9/8/2021,$176.28 ,61067280,$175.58 ,$177.28 ,$174.78 ,Yes,$175.46 
394,9/7/2021,$175.46 ,54823680,$173.90 ,$176.40 ,$173.85 ,Yes,$173.90 
395,9/3/2021,$173.90 ,51566480,$172.60 ,$174.13 ,$171.82 ,Yes,$173.16 
396,9/2/2021,$173.16 ,58511880,$174.74 ,$175.60 ,$172.75 ,No,$173.95 
397,9/1/2021,$173.95 ,72598220,$174.82 ,$176.35 ,$173.76 ,Yes,$173.54 
398,8/31/2021,$173.54 ,87128260,$171.24 ,$173.63 ,$169.78 ,Yes,$171.08 
399,8/30/2021,$171.08 ,63844880,$167.87 ,$172.25 ,$167.76 ,Yes,$167.48 
400,8/27/2021,$167.48 ,48047380,$166.66 ,$167.62 ,$165.69 ,Yes,$165.80 
401,8/26/2021,$165.80 ,41975220,$164.95 ,$166.60 ,$164.80 ,Yes,$164.96 
402,8/25/2021,$164.96 ,33606120,$165.49 ,$166.05 ,$164.31 ,No,$165.29 
403,8/24/2021,$165.29 ,51036820,$164.00 ,$165.77 ,$163.73 ,Yes,$163.29 
404,8/23/2021,$163.29 ,65362620,$160.60 ,$164.05 ,$160.50 ,Yes,$160.00 
405,8/20/2021,$160.00 ,67168560,$160.19 ,$160.39 ,$158.79 ,Yes,$159.39 
406,8/19/2021,$159.39 ,75657240,$159.70 ,$161.65 ,$159.12 ,No,$160.06 
407,8/18/2021,$160.06 ,56086220,$162.10 ,$162.70 ,$160.00 ,No,$162.10 
408,8/17/2021,$162.10 ,67758440,$163.88 ,$164.02 ,$161.28 ,No,$164.95 
409,8/16/2021,$164.95 ,66569880,$164.15 ,$165.00 ,$160.56 ,Yes,$164.70 
410,8/13/2021,$164.70 ,41133980,$165.28 ,$165.30 ,$164.15 ,No,$165.18 
411,8/12/2021,$165.18 ,46476460,$164.50 ,$165.73 ,$163.48 ,Yes,$164.61 
412,8/11/2021,$164.61 ,58944980,$166.57 ,$166.89 ,$163.89 ,No,$166.03 
413,8/10/2021,$166.03 ,48251020,$167.25 ,$167.90 ,$165.75 ,No,$167.09 
414,8/9/2021,$167.09 ,42964400,$167.18 ,$167.74 ,$166.43 ,No,$167.25 
415,8/6/2021,$167.25 ,52752880,$168.75 ,$168.75 ,$166.45 ,No,$168.80 
416,8/5/2021,$168.80 ,48670060,$167.81 ,$169.45 ,$167.05 ,Yes,$167.74 
417,8/4/2021,$167.74 ,43678900,$168.97 ,$169.44 ,$167.28 ,No,$168.31 
418,8/3/2021,$168.31 ,83146860,$167.04 ,$169.55 ,$164.99 ,Yes,$166.57 
419,8/2/2021,$166.57 ,67078300,$167.66 ,$167.95 ,$165.85 ,Yes,$166.38 
420,7/30/2021,$166.38 ,199311860,$167.40 ,$168.41 ,$165.35 ,No,$180.00 
421,7/29/2021,$180.00 ,110399040,$181.39 ,$181.90 ,$179.00 ,No,$181.52 
422,7/28/2021,$181.52 ,59987560,$181.69 ,$182.92 ,$180.05 ,Yes,$181.32 
423,7/27/2021,$181.32 ,82637800,$184.93 ,$184.93 ,$179.31 ,No,$184.99 
424,7/26/2021,$184.99 ,58001360,$183.66 ,$185.60 ,$182.36 ,Yes,$182.83 
425,7/23/2021,$182.83 ,48725840,$182.00 ,$183.31 ,$181.10 ,Yes,$181.90 
426,7/22/2021,$181.90 ,65307040,$179.36 ,$182.00 ,$179.11 ,Yes,$179.26 
427,7/21/2021,$179.26 ,46379780,$178.82 ,$179.32 ,$177.18 ,Yes,$178.66 
428,7/20/2021,$178.66 ,65113600,$178.37 ,$179.60 ,$175.90 ,Yes,$177.48 
429,7/19/2021,$177.48 ,75691900,$176.63 ,$177.51 ,$174.96 ,No,$178.68 
430,7/16/2021,$178.68 ,80874120,$181.67 ,$182.30 ,$178.52 ,No,$181.56 
431,7/15/2021,$181.56 ,63705840,$184.71 ,$184.77 ,$181.05 ,No,$184.08 
432,7/14/2021,$184.08 ,65931360,$185.44 ,$185.88 ,$183.04 ,Yes,$183.87 
433,7/13/2021,$183.87 ,76918340,$185.11 ,$188.65 ,$183.57 ,No,$185.93 
434,7/12/2021,$185.93 ,51432700,$187.20 ,$187.86 ,$184.84 ,No,$185.97 
435,7/9/2021,$185.97 ,74964740,$186.13 ,$187.40 ,$184.67 ,No,$186.57 
436,7/8/2021,$186.57 ,103612460,$182.18 ,$188.00 ,$181.06 ,Yes,$184.83 
437,7/7/2021,$184.83 ,106561240,$185.87 ,$186.71 ,$183.95 ,Yes,$183.79 
438,7/6/2021,$183.79 ,134895360,$176.51 ,$184.27 ,$176.45 ,Yes,$175.55 
439,7/2/2021,$175.55 ,63533940,$172.58 ,$175.59 ,$171.85 ,Yes,$171.65 
440,7/1/2021,$171.65 ,40741060,$171.73 ,$172.85 ,$170.47 ,No,$172.01 
441,6/30/2021,$172.01 ,48079840,$172.05 ,$173.58 ,$171.75 ,No,$172.41 
442,6/29/2021,$172.41 ,41968780,$171.94 ,$172.80 ,$171.15 ,Yes,$172.19 
443,6/28/2021,$172.19 ,44855860,$170.80 ,$172.40 ,$170.68 ,Yes,$170.07 
444,6/25/2021,$170.07 ,78819940,$173.20 ,$173.24 ,$169.71 ,No,$172.45 
445,6/24/2021,$172.45 ,76639980,$175.38 ,$176.24 ,$171.54 ,No,$175.19 
446,6/23/2021,$175.19 ,56266820,$175.25 ,$176.05 ,$174.16 ,No,$175.27 
447,6/22/2021,$175.27 ,66901640,$172.90 ,$176.19 ,$172.80 ,Yes,$172.70 
448,6/21/2021,$172.70 ,65542600,$173.82 ,$174.10 ,$171.70 ,No,$174.35 
449,6/18/2021,$174.35 ,104954740,$174.00 ,$175.35 ,$173.69 ,No,$174.46 
450,6/17/2021,$174.46 ,102730620,$170.16 ,$174.86 ,$170.05 ,Yes,$170.76 
451,6/16/2021,$170.76 ,84055640,$169.60 ,$171.32 ,$168.03 ,Yes,$169.16 
452,6/15/2021,$169.16 ,48524000,$169.20 ,$169.85 ,$168.16 ,No,$169.19 
453,6/14/2021,$169.19 ,51393100,$167.34 ,$169.25 ,$166.78 ,Yes,$167.34 
454,6/11/2021,$167.34 ,56347040,$167.48 ,$168.33 ,$166.67 ,No,$167.48 
455,6/10/2021,$167.48 ,69529600,$164.10 ,$167.55 ,$164.06 ,Yes,$164.06 
456,6/9/2021,$164.06 ,49110600,$163.64 ,$164.88 ,$163.54 ,Yes,$163.21 
457,6/8/2021,$163.21 ,68334600,$161.13 ,$163.98 ,$160.90 ,Yes,$159.90 
458,6/7/2021,$159.90 ,44315120,$159.87 ,$160.40 ,$158.61 ,No,$160.31 
459,6/4/2021,$160.31 ,44994980,$160.60 ,$161.05 ,$159.94 ,Yes,$159.35 
460,6/3/2021,$159.35 ,47965860,$160.21 ,$160.72 ,$159.20 ,No,$161.70 
461,6/2/2021,$161.70 ,40290480,$161.16 ,$161.75 ,$160.40 ,Yes,$160.93 
462,6/1/2021,$160.93 ,48600900,$162.17 ,$162.55 ,$160.45 ,No,$161.15 
463,5/28/2021,$161.15 ,46630180,$162.10 ,$162.40 ,$160.99 ,No,$161.51 
464,5/27/2021,$161.51 ,51223140,$162.80 ,$163.02 ,$161.50 ,No,$163.26 
465,5/26/2021,$163.26 ,47679720,$163.73 ,$164.79 ,$162.93 ,Yes,$162.95 
466,5/25/2021,$162.95 ,65222180,$163.33 ,$163.99 ,$160.69 ,Yes,$162.25 
467,5/24/2021,$162.25 ,48456260,$160.78 ,$162.90 ,$160.53 ,Yes,$160.15 
468,5/21/2021,$160.15 ,82097640,$162.50 ,$162.83 ,$159.85 ,No,$162.38 
469,5/20/2021,$162.38 ,52663840,$162.22 ,$162.98 ,$161.81 ,Yes,$161.59 
470,5/19/2021,$161.59 ,53594160,$159.75 ,$161.74 ,$159.20 ,No,$161.61 
471,5/18/2021,$161.61 ,56567820,$164.63 ,$165.60 ,$161.52 ,No,$163.52 
472,5/17/2021,$163.52 ,73711980,$162.30 ,$164.64 ,$161.73 ,Yes,$161.15 
473,5/14/2021,$161.15 ,66500440,$159.28 ,$161.44 ,$159.15 ,Yes,$158.07 
474,5/13/2021,$158.07 ,67137540,$159.27 ,$160.19 ,$156.65 ,Yes,$157.60 
475,5/12/2021,$157.60 ,98728200,$159.25 ,$160.40 ,$156.66 ,No,$161.20 
476,5/11/2021,$161.20 ,92395620,$156.81 ,$161.90 ,$156.37 ,Yes,$159.52 
477,5/10/2021,$159.52 ,116772060,$164.12 ,$164.15 ,$159.50 ,No,$164.58 
478,5/7/2021,$164.58 ,94205520,$165.95 ,$166.54 ,$164.45 ,No,$165.32 
479,5/6/2021,$165.32 ,88953920,$163.50 ,$165.72 ,$162.36 ,Yes,$163.53 
480,5/5/2021,$163.53 ,74226160,$166.94 ,$167.73 ,$163.22 ,No,$165.59 
481,5/4/2021,$165.59 ,108788980,$167.81 ,$168.40 ,$163.61 ,No,$169.32 
482,5/3/2021,$169.32 ,117510600,$174.24 ,$174.33 ,$168.64 ,No,$173.37 
483,4/30/2021,$173.37 ,140186920,$176.26 ,$177.70 ,$173.13 ,No,$173.57 
484,4/29/2021,$173.57 ,153647620,$175.25 ,$175.72 ,$171.75 ,Yes,$172.93 
485,4/28/2021,$172.93 ,92637680,$171.74 ,$174.49 ,$171.25 ,Yes,$170.87 
486,4/27/2021,$170.87 ,76542800,$172.17 ,$173.00 ,$169.90 ,Yes,$170.45 
487,4/26/2021,$170.45 ,97614160,$167.40 ,$171.42 ,$166.55 ,Yes,$167.04 
488,4/23/2021,$167.04 ,63933040,$165.96 ,$168.75 ,$165.43 ,Yes,$165.45 
489,4/22/2021,$165.45 ,51611800,$168.58 ,$168.64 ,$165.07 ,No,$168.10 
490,4/21/2021,$168.10 ,44223320,$165.80 ,$168.14 ,$165.19 ,Yes,$166.73 
491,4/20/2021,$166.73 ,52460640,$168.68 ,$169.15 ,$165.80 ,No,$168.60 
492,4/19/2021,$168.60 ,54508100,$169.52 ,$171.80 ,$168.01 ,No,$169.97 
493,4/16/2021,$169.97 ,63720980,$169.00 ,$170.34 ,$167.78 ,Yes,$168.95 
494,4/15/2021,$168.95 ,64671600,$168.55 ,$169.85 ,$167.60 ,Yes,$166.65 
495,4/14/2021,$166.65 ,62904080,$170.20 ,$170.21 ,$166.30 ,No,$170.00 
496,4/13/2021,$170.00 ,66316740,$170.04 ,$171.60 ,$169.78 ,Yes,$168.97 
497,4/12/2021,$168.97 ,65635960,$167.76 ,$169.75 ,$167.56 ,Yes,$168.61 
498,4/9/2021,$168.61 ,86829460,$165.24 ,$168.61 ,$164.45 ,Yes,$164.97 
499,4/8/2021,$164.97 ,56241800,$165.55 ,$166.23 ,$164.60 ,Yes,$163.97 
500,4/7/2021,$163.97 ,66924540,$161.69 ,$165.18 ,$161.18 ,Yes,$161.19 
501,4/6/2021,$161.19 ,50756180,$161.19 ,$162.37 ,$160.85 ,No,$161.34 
502,4/5/2021,$161.34 ,66697640,$158.65 ,$161.80 ,$158.06 ,Yes,$158.05 
503,4/1/2021,$158.05 ,58806360,$155.90 ,$158.12 ,$155.78 ,Yes,$154.70 
504,3/31/2021,$154.70 ,61877920,$153.20 ,$155.97 ,$153.13 ,Yes,$152.76 
505,3/30/2021,$152.76 ,46752060,$153.50 ,$153.65 ,$151.70 ,No,$153.79 
506,3/29/2021,$153.79 ,54919360,$152.77 ,$154.56 ,$151.42 ,Yes,$152.60 
507,3/26/2021,$152.60 ,66258480,$152.20 ,$152.83 ,$149.80 ,Yes,$152.31 
508,3/25/2021,$152.31 ,71269380,$153.65 ,$155.49 ,$151.86 ,No,$154.35 
509,3/24/2021,$154.35 ,59179620,$157.55 ,$158.02 ,$154.26 ,No,$156.88 
510,3/23/2021,$156.88 ,76345260,$156.35 ,$159.10 ,$156.04 ,Yes,$155.54 
511,3/22/2021,$155.54 ,58043580,$153.39 ,$156.33 ,$153.00 ,Yes,$153.75 
512,3/19/2021,$153.75 ,92507080,$151.46 ,$153.86 ,$150.83 ,Yes,$151.40 
513,3/18/2021,$151.40 ,73140540,$155.05 ,$155.83 ,$151.25 ,No,$156.79 
514,3/17/2021,$156.79 ,62371680,$153.66 ,$158.65 ,$153.51 ,Yes,$154.59 
515,3/16/2021,$154.59 ,50775280,$155.25 ,$156.45 ,$153.79 ,Yes,$154.08 
516,3/15/2021,$154.08 ,58371840,$153.73 ,$154.11 ,$151.60 ,No,$154.47 
517,3/12/2021,$154.47 ,48437760,$153.75 ,$154.95 ,$152.28 ,No,$155.68 
518,3/11/2021,$155.68 ,55527820,$155.20 ,$156.59 ,$154.15 ,Yes,$152.88 
519,3/10/2021,$152.88 ,60249780,$154.92 ,$155.82 ,$151.50 ,No,$153.14 
520,3/9/2021,$153.14 ,80600640,$150.90 ,$154.55 ,$150.26 ,Yes,$147.60 
521,3/8/2021,$147.60 ,83700160,$150.75 ,$153.23 ,$147.57 ,No,$150.02 
522,3/5/2021,$150.02 ,107771020,$150.25 ,$150.45 ,$144.05 ,Yes,$148.88 
523,3/4/2021,$148.88 ,109631560,$150.60 ,$152.91 ,$147.27 ,No,$150.25 
524,3/3/2021,$150.25 ,79774500,$154.06 ,$155.39 ,$149.75 ,No,$154.73 
525,3/2/2021,$154.73 ,51915240,$157.17 ,$158.18 ,$154.36 ,No,$157.31 
526,3/1/2021,$157.31 ,54679260,$156.39 ,$157.48 ,$154.90 ,Yes,$154.65 
527,2/26/2021,$154.65 ,85518600,$154.76 ,$156.12 ,$151.84 ,Yes,$152.86 
528,2/25/2021,$152.86 ,90676020,$156.84 ,$158.91 ,$152.39 ,No,$157.98 
529,2/24/2021,$157.98 ,60225500,$158.34 ,$158.56 ,$156.27 ,No,$159.73 
530,2/23/2021,$159.73 ,93544440,$156.35 ,$160.24 ,$154.68 ,Yes,$159.04 
531,2/22/2021,$159.04 ,70313580,$160.41 ,$161.62 ,$158.61 ,No,$162.50 
532,2/19/2021,$162.50 ,86103680,$166.41 ,$166.68 ,$162.29 ,No,$166.41 
533,2/18/2021,$166.41 ,60672140,$164.12 ,$166.90 ,$163.70 ,Yes,$165.43 
534,2/17/2021,$165.43 ,66041980,$163.18 ,$166.05 ,$162.98 ,Yes,$163.45 
535,2/16/2021,$163.45 ,51494420,$162.70 ,$165.42 ,$162.68 ,No,$163.89 
536,2/12/2021,$163.89 ,46706780,$162.50 ,$164.01 ,$161.67 ,Yes,$163.11 
537,2/11/2021,$163.11 ,46028340,$164.60 ,$164.60 ,$162.40 ,No,$164.33 
538,2/10/2021,$164.33 ,63031000,$165.70 ,$165.90 ,$162.70 ,No,$165.25 
539,2/9/2021,$165.25 ,44070520,$165.62 ,$166.90 ,$164.89 ,No,$166.15 
540,2/8/2021,$166.15 ,65147820,$167.93 ,$168.25 ,$165.20 ,No,$167.61 
541,2/5/2021,$167.61 ,72416160,$165.95 ,$168.85 ,$165.14 ,Yes,$166.55 
542,2/4/2021,$166.55 ,73413220,$166.50 ,$167.35 ,$163.89 ,Yes,$165.63 
543,2/3/2021,$165.63 ,141775620,$171.25 ,$171.70 ,$165.43 ,No,$169.00 
544,2/2/2021,$169.00 ,141972740,$169.00 ,$171.39 ,$168.06 ,Yes,$167.14 
545,2/1/2021,$167.14 ,83204240,$162.12 ,$167.51 ,$161.75 ,Yes,$160.31 
546,1/29/2021,$160.31 ,85871120,$161.50 ,$161.85 ,$159.23 ,No,$161.88 
547,1/28/2021,$161.88 ,62984560,$161.75 ,$165.08 ,$161.43 ,Yes,$161.63 
548,1/27/2021,$161.63 ,93203160,$167.07 ,$167.33 ,$160.35 ,No,$166.31 
549,1/26/2021,$166.31 ,59104700,$164.82 ,$166.90 ,$164.14 ,Yes,$164.70 
550,1/25/2021,$164.70 ,74995160,$166.43 ,$168.19 ,$162.16 ,Yes,$164.61 
551,1/22/2021,$164.61 ,56438280,$165.22 ,$166.10 ,$164.16 ,No,$165.35 
552,1/21/2021,$165.35 ,98901020,$164.65 ,$167.43 ,$164.48 ,Yes,$163.17 
553,1/20/2021,$163.17 ,106196700,$159.10 ,$163.99 ,$158.75 ,Yes,$156.04 
554,1/19/2021,$156.04 ,66102840,$155.35 ,$157.25 ,$154.80 ,Yes,$155.21 
555,1/15/2021,$155.21 ,84879900,$156.15 ,$157.13 ,$154.76 ,No,$156.37 
556,1/14/2021,$156.37 ,61418380,$158.38 ,$158.90 ,$156.03 ,No,$158.29 
557,1/13/2021,$158.29 ,66424880,$156.42 ,$159.50 ,$156.10 ,Yes,$156.04 
558,1/12/2021,$156.04 ,70291640,$156.00 ,$157.11 ,$154.30 ,Yes,$155.71 
559,1/11/2021,$155.71 ,73381900,$157.40 ,$157.82 ,$155.50 ,No,$159.14 
560,1/8/2021,$159.14 ,70754880,$159.00 ,$159.53 ,$157.11 ,Yes,$158.11 
561,1/7/2021,$158.11 ,70290900,$157.85 ,$160.43 ,$157.75 ,Yes,$156.92 
562,1/6/2021,$156.92 ,87896300,$157.32 ,$159.88 ,$156.56 ,No,$160.93 
563,1/5/2021,$160.93 ,53110960,$158.30 ,$161.17 ,$158.25 ,Yes,$159.33 
564,1/4/2021,$159.33 ,88228980,$163.50 ,$163.60 ,$157.20 ,No,$162.85 
565,12/31/2020,$162.85 ,59144120,$163.75 ,$164.15 ,$162.06 ,No,$164.29 
566,12/30/2020,$164.29 ,64186200,$167.05 ,$167.11 ,$164.12 ,No,$166.10 
567,12/29/2020,$166.10 ,97458660,$165.50 ,$167.53 ,$164.06 ,Yes,$164.20 
568,12/28/2020,$164.20 ,113735740,$159.70 ,$165.20 ,$158.63 ,Yes,$158.63 
569,12/24/2020,$158.63 ,29038340,$159.70 ,$160.10 ,$158.45 ,No,$159.26 
570,12/23/2020,$159.26 ,41875740,$160.25 ,$160.51 ,$159.21 ,No,$160.33 
571,12/22/2020,$160.33 ,47635620,$160.14 ,$161.10 ,$159.00 ,Yes,$160.31 
572,12/21/2020,$160.31 ,76736920,$160.00 ,$161.35 ,$158.30 ,Yes,$160.08 
573,12/18/2020,$160.08 ,119914260,$162.20 ,$162.47 ,$158.58 ,No,$161.80 
574,12/17/2020,$161.80 ,69486940,$162.50 ,$163.18 ,$161.05 ,No,$162.05 
575,12/16/2020,$162.05 ,88552320,$158.80 ,$162.35 ,$158.18 ,Yes,$158.26 
576,12/15/2020,$158.26 ,66473720,$159.05 ,$159.43 ,$156.52 ,Yes,$157.85 
577,12/14/2020,$157.85 ,83115880,$157.15 ,$159.52 ,$156.30 ,Yes,$155.82 
578,12/11/2020,$155.82 ,61293900,$154.83 ,$155.93 ,$153.64 ,Yes,$155.07 
579,12/10/2020,$155.07 ,60603720,$154.45 ,$157.11 ,$153.80 ,No,$155.21 
580,12/9/2020,$155.21 ,82016720,$158.39 ,$158.72 ,$154.40 ,No,$158.86 
581,12/8/2020,$158.86 ,65726060,$157.95 ,$159.21 ,$156.00 ,Yes,$157.90 
582,12/7/2020,$157.90 ,55026320,$157.82 ,$159.04 ,$157.08 ,No,$158.13 
583,12/4/2020,$158.13 ,58272220,$159.91 ,$159.91 ,$157.94 ,No,$159.34 
584,12/3/2020,$159.34 ,57840780,$160.27 ,$161.43 ,$159.07 ,No,$160.18 
585,12/2/2020,$160.18 ,62586080,$161.08 ,$161.60 ,$158.66 ,No,$161.00 
586,12/1/2020,$161.00 ,90887640,$159.43 ,$162.45 ,$157.86 ,Yes,$158.40 
587,11/30/2020,$158.40 ,81278320,$160.42 ,$161.42 ,$156.28 ,No,$159.77 
588,11/27/2020,$159.77 ,47857340,$160.56 ,$160.81 ,$159.50 ,Yes,$159.25 
589,11/25/2020,$159.25 ,75808060,$157.09 ,$159.90 ,$157.01 ,Yes,$155.90 
590,11/24/2020,$155.90 ,72042040,$155.03 ,$156.71 ,$154.31 ,Yes,$154.92 
591,11/23/2020,$154.92 ,94177740,$155.84 ,$156.99 ,$153.27 ,No,$154.97 
592,11/20/2020,$154.97 ,67602760,$155.85 ,$156.64 ,$154.90 ,No,$155.85 
593,11/19/2020,$155.85 ,60205400,$155.27 ,$156.25 ,$154.05 ,Yes,$155.27 
594,11/18/2020,$155.27 ,58336720,$156.70 ,$157.00 ,$155.26 ,No,$156.78 
595,11/17/2020,$156.78 ,68894700,$159.18 ,$159.46 ,$156.76 ,Yes,$156.55 
596,11/16/2020,$156.55 ,76173520,$154.66 ,$157.14 ,$153.63 ,Yes,$156.44 
597,11/13/2020,$156.44 ,75251740,$156.10 ,$157.09 ,$154.27 ,Yes,$155.51 
598,11/12/2020,$155.51 ,87424160,$158.00 ,$158.79 ,$154.30 ,No,$156.87 
599,11/11/2020,$156.87 ,87338460,$153.09 ,$156.96 ,$152.50 ,Yes,$151.75 
600,11/10/2020,$151.75 ,131819120,$154.75 ,$155.70 ,$150.97 ,No,$157.19 
601,11/9/2020,$157.19 ,143808120,$161.55 ,$164.45 ,$155.61 ,No,$165.57 
602,11/6/2020,$165.57 ,92946600,$165.23 ,$166.10 ,$161.60 ,No,$166.10 
603,11/5/2020,$166.10 ,115785700,$166.00 ,$168.34 ,$164.44 ,Yes,$162.06 
604,11/4/2020,$162.06 ,136780820,$158.00 ,$162.24 ,$156.99 ,Yes,$152.42 
605,11/3/2020,$152.42 ,97957600,$150.93 ,$153.75 ,$149.05 ,Yes,$150.22 
606,11/2/2020,$150.22 ,145147000,$153.09 ,$153.99 ,$147.51 ,No,$151.81 
607,10/30/2020,$151.81 ,167921620,$157.89 ,$158.35 ,$150.95 ,No,$160.55 
608,10/29/2020,$160.55 ,131930580,$160.06 ,$162.86 ,$158.20 ,Yes,$158.14 
609,10/28/2020,$158.14 ,111766600,$162.47 ,$163.20 ,$158.12 ,No,$164.32 
610,10/27/2020,$164.32 ,85820940,$161.25 ,$164.58 ,$160.57 ,Yes,$160.35 
611,10/26/2020,$160.35 ,118023020,$159.94 ,$164.15 ,$157.67 ,Yes,$160.22 
612,10/23/2020,$160.22 ,69333740,$159.55 ,$160.27 ,$157.00 ,Yes,$158.82 
613,10/22/2020,$158.82 ,84240100,$159.49 ,$159.94 ,$156.10 ,No,$159.25 
614,10/21/2020,$159.25 ,91854720,$160.63 ,$161.69 ,$158.00 ,No,$160.85 
615,10/20/2020,$160.85 ,90193560,$161.11 ,$163.30 ,$159.60 ,Yes,$160.36 
616,10/19/2020,$160.36 ,104472520,$164.98 ,$166.45 ,$159.64 ,No,$163.64 
617,10/16/2020,$163.64 ,129487060,$168.16 ,$169.98 ,$158.00 ,No,$166.93 
618,10/15/2020,$166.93 ,104468960,$164.60 ,$167.79 ,$164.00 ,No,$168.19 
619,10/14/2020,$168.19 ,116578320,$172.35 ,$173.24 ,$167.00 ,No,$172.18 
620,10/13/2020,$172.18 ,114893940,$173.40 ,$174.62 ,$171.21 ,Yes,$172.15 
621,10/12/2020,$172.15 ,167283960,$167.50 ,$174.81 ,$166.98 ,Yes,$164.33 
622,10/9/2020,$164.33 ,98157420,$160.50 ,$164.45 ,$159.89 ,Yes,$159.53 
623,10/8/2020,$159.53 ,63482280,$161.25 ,$161.66 ,$158.75 ,No,$159.78 
624,10/7/2020,$159.78 ,86188780,$156.75 ,$160.00 ,$156.62 ,Yes,$155.00 
625,10/6/2020,$155.00 ,101737140,$158.25 ,$159.10 ,$154.50 ,No,$159.96 
626,10/5/2020,$159.96 ,75506640,$157.29 ,$160.13 ,$157.04 ,Yes,$156.25 
627,10/2/2020,$156.25 ,112261960,$157.68 ,$159.79 ,$156.15 ,No,$161.06 
628,10/1/2020,$161.06 ,99438440,$160.40 ,$161.20 ,$158.60 ,Yes,$157.44 
629,9/30/2020,$157.44 ,97922020,$157.06 ,$160.64 ,$156.70 ,Yes,$157.24 
630,9/29/2020,$157.24 ,70067960,$158.77 ,$159.41 ,$156.63 ,No,$158.70 
631,9/28/2020,$158.70 ,84483300,$157.44 ,$158.75 ,$155.86 ,Yes,$154.76 
632,9/25/2020,$154.76 ,92304040,$152.74 ,$155.08 ,$149.95 ,Yes,$150.99 
633,9/24/2020,$150.99 ,110587840,$148.89 ,$153.47 ,$148.25 ,Yes,$149.99 
634,9/23/2020,$149.99 ,113053300,$156.02 ,$156.35 ,$149.62 ,No,$156.45 
635,9/22/2020,$156.45 ,138976320,$151.69 ,$156.70 ,$150.01 ,Yes,$148.02 
636,9/21/2020,$148.02 ,122358500,$145.33 ,$148.10 ,$143.55 ,Yes,$147.75 
637,9/18/2020,$147.75 ,177851600,$151.59 ,$151.89 ,$145.28 ,No,$150.44 
638,9/17/2020,$150.44 ,128981000,$150.46 ,$151.47 ,$148.63 ,No,$153.91 
639,9/16/2020,$153.91 ,90623780,$159.00 ,$159.36 ,$153.71 ,No,$157.81 
640,9/15/2020,$157.81 ,80430700,$156.81 ,$158.75 ,$155.45 ,Yes,$155.15 
641,9/14/2020,$155.15 ,90591920,$158.65 ,$159.37 ,$154.80 ,No,$155.81 
642,9/11/2020,$155.81 ,101879640,$160.43 ,$160.87 ,$154.20 ,No,$158.76 
643,9/10/2020,$158.76 ,106614820,$165.36 ,$167.49 ,$158.53 ,No,$163.43 
644,9/9/2020,$163.43 ,103773500,$160.15 ,$165.16 ,$159.25 ,Yes,$157.49 
645,9/8/2020,$157.49 ,121884100,$157.20 ,$162.54 ,$156.50 ,No,$164.73 
646,9/4/2020,$164.73 ,175635080,$165.90 ,$169.08 ,$155.56 ,No,$168.40 
647,9/3/2020,$168.40 ,163222260,$174.25 ,$174.42 ,$165.15 ,No,$176.57 
648,9/2/2020,$176.57 ,78629520,$177.35 ,$177.61 ,$174.33 ,Yes,$174.96 
649,9/1/2020,$174.96 ,69528140,$174.48 ,$175.69 ,$173.35 ,Yes,$172.55 
650,8/31/2020,$172.55 ,83717700,$170.45 ,$174.75 ,$170.25 ,Yes,$170.09 
651,8/28/2020,$170.09 ,57939560,$171.15 ,$171.67 ,$169.33 ,Yes,$170.00 
652,8/27/2020,$170.00 ,85295900,$172.50 ,$172.65 ,$168.90 ,No,$172.09 
653,8/26/2020,$172.09 ,130174860,$167.56 ,$172.59 ,$167.23 ,Yes,$167.32 
654,8/25/2020,$167.32 ,79856840,$164.75 ,$167.87 ,$163.35 ,Yes,$165.37 
655,8/24/2020,$165.37 ,93325160,$165.51 ,$169.02 ,$162.88 ,Yes,$164.24 
656,8/21/2020,$164.24 ,71517240,$164.75 ,$165.72 ,$163.77 ,No,$164.87 
657,8/20/2020,$164.87 ,66649560,$162.60 ,$165.63 ,$161.90 ,Yes,$163.02 
658,8/19/2020,$163.02 ,83702740,$165.15 ,$165.80 ,$162.80 ,No,$165.62 
659,8/18/2020,$165.62 ,106919480,$160.60 ,$166.00 ,$160.29 ,Yes,$159.12 
660,8/17/2020,$159.12 ,53824740,$158.66 ,$159.75 ,$157.71 ,Yes,$157.40 
661,8/14/2020,$157.40 ,55034460,$158.91 ,$158.91 ,$156.00 ,No,$158.05 
662,8/13/2020,$158.05 ,62980860,$159.15 ,$160.88 ,$157.75 ,No,$158.11 
663,8/12/2020,$158.11 ,70544580,$155.40 ,$158.72 ,$155.07 ,Yes,$154.03 
664,8/11/2020,$154.03 ,74361140,$155.66 ,$157.96 ,$153.65 ,No,$157.41 
665,8/10/2020,$157.41 ,63345480,$158.52 ,$158.63 ,$155.08 ,No,$158.37 
666,8/7/2020,$158.37 ,78722540,$161.20 ,$162.04 ,$157.03 ,No,$161.25 
667,8/6/2020,$161.25 ,78812040,$159.72 ,$162.37 ,$158.27 ,Yes,$160.25 
668,8/5/2020,$160.25 ,78600500,$157.19 ,$160.68 ,$156.37 ,Yes,$156.94 
669,8/4/2020,$156.94 ,93885880,$155.06 ,$158.36 ,$155.06 ,Yes,$155.59 
670,8/3/2020,$155.59 ,101493260,$159.03 ,$159.20 ,$155.20 ,No,$158.23 
671,7/31/2020,$158.23 ,161667380,$162.20 ,$162.34 ,$157.55 ,Yes,$152.59 
672,7/30/2020,$152.59 ,122565300,$150.70 ,$154.60 ,$150.25 ,Yes,$151.68 
673,7/29/2020,$151.68 ,59481200,$151.55 ,$151.96 ,$149.84 ,Yes,$150.02 
674,7/28/2020,$150.02 ,62533020,$152.71 ,$153.85 ,$149.79 ,No,$152.76 
675,7/27/2020,$152.76 ,83409840,$153.10 ,$154.90 ,$150.79 ,Yes,$150.45 
676,7/24/2020,$150.45 ,112648260,$146.50 ,$151.58 ,$144.40 ,Yes,$149.33 
677,7/23/2020,$149.33 ,113138120,$154.91 ,$154.91 ,$148.50 ,No,$155.00 
678,7/22/2020,$155.00 ,82084500,$156.25 ,$157.50 ,$153.26 ,No,$156.91 
679,7/21/2020,$156.91 ,122699300,$161.62 ,$162.03 ,$155.29 ,No,$159.84 
680,7/20/2020,$159.84 ,151963520,$150.01 ,$160.07 ,$149.70 ,Yes,$148.10 
681,7/17/2020,$148.10 ,95226380,$150.45 ,$151.20 ,$147.42 ,No,$150.00 
682,7/16/2020,$150.00 ,127884920,$148.55 ,$151.60 ,$145.91 ,No,$150.44 
683,7/15/2020,$150.44 ,115777480,$154.01 ,$154.92 ,$148.66 ,No,$154.20 
684,7/14/2020,$154.20 ,144638660,$154.45 ,$156.37 ,$147.50 ,No,$155.20 
685,7/13/2020,$155.20 ,154408400,$162.55 ,$167.21 ,$153.42 ,No,$160.00 
686,7/10/2020,$160.00 ,109719640,$159.59 ,$160.75 ,$156.79 ,Yes,$159.13 
687,7/9/2020,$159.13 ,127773180,$155.80 ,$159.69 ,$153.70 ,Yes,$154.06 
688,7/8/2020,$154.06 ,100752700,$151.13 ,$154.20 ,$150.62 ,Yes,$150.01 
689,7/7/2020,$150.01 ,105150280,$152.93 ,$153.48 ,$149.50 ,No,$152.85 
690,7/6/2020,$152.85 ,137612840,$146.75 ,$152.99 ,$146.50 ,Yes,$144.52 
691,7/2/2020,$144.52 ,131867740,$145.60 ,$147.78 ,$143.56 ,Yes,$143.94 
692,7/1/2020,$143.94 ,127268780,$137.90 ,$144.75 ,$137.70 ,Yes,$137.94 
693,6/30/2020,$137.94 ,75393720,$134.25 ,$138.48 ,$133.75 ,Yes,$134.02 
694,6/29/2020,$134.02 ,84468440,$134.50 ,$134.84 ,$131.50 ,No,$134.64 
695,6/26/2020,$134.64 ,130015680,$138.75 ,$139.13 ,$134.40 ,No,$137.73 
696,6/25/2020,$137.73 ,59373140,$136.98 ,$137.81 ,$135.61 ,Yes,$136.72 
697,6/24/2020,$136.72 ,90532100,$139.00 ,$139.80 ,$136.05 ,No,$138.22 
698,6/23/2020,$138.22 ,84634140,$136.30 ,$139.16 ,$135.90 ,Yes,$135.69 
699,6/22/2020,$135.69 ,64175600,$134.23 ,$135.75 ,$133.45 ,Yes,$133.75 
700,6/19/2020,$133.75 ,115539260,$133.90 ,$134.87 ,$132.95 ,Yes,$132.70 
701,6/18/2020,$132.70 ,49755480,$132.35 ,$132.98 ,$131.81 ,Yes,$132.05 
702,6/17/2020,$132.05 ,59186320,$132.38 ,$132.75 ,$131.59 ,Yes,$130.76 
703,6/16/2020,$130.76 ,71912980,$131.00 ,$131.00 ,$128.80 ,Yes,$128.63 
704,6/15/2020,$128.63 ,77466700,$126.33 ,$129.20 ,$125.40 ,Yes,$127.25 
705,6/12/2020,$127.25 ,108722540,$130.06 ,$131.07 ,$125.17 ,No,$127.90 
706,6/11/2020,$127.90 ,116002140,$130.18 ,$133.57 ,$126.81 ,No,$132.37 
707,6/10/2020,$132.37 ,98920620,$132.25 ,$136.12 ,$131.31 ,Yes,$130.04 
708,6/9/2020,$130.04 ,103519000,$126.47 ,$131.32 ,$126.25 ,Yes,$126.20 
709,6/8/2020,$126.20 ,79413080,$125.01 ,$126.50 ,$124.37 ,Yes,$124.15 
710,6/5/2020,$124.15 ,66128900,$122.23 ,$124.43 ,$121.86 ,Yes,$123.03 
711,6/4/2020,$123.03 ,58974200,$123.87 ,$125.38 ,$122.50 ,No,$123.92 
712,6/3/2020,$123.92 ,53420480,$123.40 ,$124.40 ,$123.06 ,Yes,$123.62 
713,6/2/2020,$123.62 ,50598060,$123.35 ,$123.68 ,$122.27 ,Yes,$123.55 
714,6/1/2020,$123.55 ,58760640,$122.40 ,$123.85 ,$122.21 ,Yes,$122.12 
715,5/29/2020,$122.12 ,70586580,$120.80 ,$122.12 ,$119.91 ,Yes,$120.06 
716,5/28/2020,$120.06 ,63862720,$119.22 ,$121.85 ,$118.91 ,No,$120.52 
717,5/27/2020,$120.52 ,101138900,$120.25 ,$120.68 ,$116.50 ,No,$121.09 
718,5/26/2020,$121.09 ,71363060,$122.90 ,$123.10 ,$120.70 ,No,$121.84 
719,5/22/2020,$121.84 ,57341580,$122.75 ,$123.49 ,$121.51 ,No,$122.34 
720,5/21/2020,$122.34 ,102288060,$125.00 ,$126.27 ,$122.13 ,No,$124.90 
721,5/20/2020,$124.90 ,79962860,$123.89 ,$125.00 ,$123.36 ,Yes,$122.47 
722,5/19/2020,$122.47 ,86409960,$121.49 ,$124.25 ,$121.45 ,Yes,$121.31 
723,5/18/2020,$121.31 ,87331440,$120.22 ,$121.65 ,$119.20 ,Yes,$120.49 
724,5/15/2020,$120.49 ,84699020,$118.43 ,$120.55 ,$117.82 ,Yes,$119.44 
725,5/14/2020,$119.44 ,72962560,$118.05 ,$119.57 ,$117.66 ,Yes,$118.40 
726,5/13/2020,$118.40 ,95658380,$118.34 ,$120.39 ,$116.89 ,Yes,$117.85 
727,5/12/2020,$117.85 ,61498320,$120.59 ,$120.95 ,$117.75 ,No,$120.45 
728,5/11/2020,$120.45 ,65184620,$118.74 ,$120.98 ,$118.61 ,Yes,$118.98 
729,5/8/2020,$118.98 ,64224560,$118.61 ,$119.36 ,$117.85 ,Yes,$118.38 
730,5/7/2020,$118.38 ,67928220,$118.74 ,$118.80 ,$117.16 ,Yes,$117.56 
731,5/6/2020,$117.56 ,62356280,$116.47 ,$117.87 ,$116.00 ,Yes,$115.89 
732,5/5/2020,$115.89 ,64849920,$117.00 ,$117.55 ,$115.36 ,Yes,$115.80 
733,5/4/2020,$115.80 ,97318520,$112.82 ,$116.35 ,$112.82 ,Yes,$114.30 
734,5/1/2020,$114.30 ,195452100,$116.84 ,$118.12 ,$112.91 ,No,$123.70 
735,4/30/2020,$123.70 ,190692220,$120.99 ,$123.75 ,$119.80 ,Yes,$118.64 
736,4/29/2020,$118.64 ,91831860,$116.50 ,$119.59 ,$115.50 ,Yes,$115.70 
737,4/28/2020,$115.70 ,105388920,$118.61 ,$118.68 ,$115.30 ,No,$118.80 
738,4/27/2020,$118.80 ,112912900,$122.16 ,$122.24 ,$118.15 ,No,$120.51 
739,4/24/2020,$120.51 ,76635940,$120.85 ,$121.02 ,$119.10 ,Yes,$119.97 
740,4/23/2020,$119.97 ,101331040,$120.00 ,$121.21 ,$119.10 ,Yes,$118.17 
741,4/22/2020,$118.17 ,84365900,$118.45 ,$119.70 ,$117.55 ,Yes,$116.41 
742,4/21/2020,$116.41 ,149533580,$120.83 ,$121.42 ,$113.98 ,No,$119.68 
743,4/20/2020,$119.68 ,115413880,$119.50 ,$122.25 ,$119.30 ,Yes,$118.75 
744,4/17/2020,$118.75 ,158600200,$118.62 ,$120.00 ,$115.80 ,No,$120.41 
745,4/16/2020,$120.41 ,240764000,$117.30 ,$123.05 ,$116.75 ,Yes,$115.38 
746,4/15/2020,$115.38 ,137331340,$112.88 ,$116.67 ,$112.25 ,Yes,$114.17 
747,4/14/2020,$114.17 ,161743860,$110.02 ,$114.60 ,$109.31 ,Yes,$108.44 
748,4/13/2020,$108.44 ,134334180,$102.00 ,$109.00 ,$101.90 ,Yes,$102.14 
749,4/9/2020,$102.14 ,93112340,$102.22 ,$102.65 ,$100.88 ,No,$102.15 
750,4/8/2020,$102.15 ,79546260,$101.05 ,$102.20 ,$100.56 ,Yes,$100.58 
751,4/7/2020,$100.58 ,102279660,$100.86 ,$101.79 ,$99.88 ,Yes,$99.88 
752,4/6/2020,$99.88 ,115463620,$96.80 ,$99.93 ,$96.50 ,Yes,$95.33 
753,4/3/2020,$95.33 ,72197400,$95.56 ,$96.32 ,$94.46 ,No,$95.94 
754,4/2/2020,$95.94 ,86719700,$95.08 ,$96.38 ,$94.50 ,Yes,$95.39 
755,4/1/2020,$95.39 ,82437500,$96.65 ,$97.25 ,$94.65 ,No,$97.49 
756,3/31/2020,$97.49 ,102472520,$98.22 ,$99.65 ,$97.20 ,No,$98.20 
757,3/30/2020,$98.20 ,122521740,$96.14 ,$98.68 ,$95.62 ,Yes,$95.01 
758,3/27/2020,$95.01 ,107757940,$96.54 ,$96.99 ,$95.00 ,No,$97.77 
759,3/26/2020,$97.77 ,124702360,$95.10 ,$97.82 ,$94.46 ,Yes,$94.29 
760,3/25/2020,$94.29 ,129581460,$96.03 ,$97.51 ,$94.29 ,No,$97.01 
761,3/24/2020,$97.01 ,142941600,$97.57 ,$97.75 ,$95.02 ,Yes,$95.14 
762,3/23/2020,$95.14 ,156169780,$91.39 ,$95.97 ,$90.60 ,Yes,$92.30 
763,3/20/2020,$92.30 ,196357000,$96.32 ,$97.85 ,$91.04 ,No,$94.05 
764,3/19/2020,$94.05 ,207998800,$93.00 ,$97.25 ,$91.63 ,Yes,$91.50 
765,3/18/2020,$91.50 ,192904360,$87.50 ,$92.08 ,$87.25 ,Yes,$90.39 
766,3/17/2020,$90.39 ,218342600,$88.77 ,$92.89 ,$84.46 ,Yes,$84.46 
767,3/16/2020,$84.46 ,178345300,$82.08 ,$87.97 ,$81.30 ,No,$89.25 
768,3/13/2020,$89.25 ,176194500,$87.75 ,$89.32 ,$84.03 ,Yes,$83.83 
769,3/12/2020,$83.83 ,226924200,$86.10 ,$88.25 ,$83.75 ,No,$91.04 
770,3/11/2020,$91.04 ,112936620,$92.89 ,$93.57 ,$90.08 ,No,$94.59 
771,3/10/2020,$94.59 ,142666200,$93.54 ,$94.71 ,$90.91 ,Yes,$90.03 
772,3/9/2020,$90.03 ,156264640,$88.69 ,$93.14 ,$88.06 ,No,$95.05 
773,3/6/2020,$95.05 ,105471600,$93.75 ,$95.54 ,$93.48 ,No,$96.20 
774,3/5/2020,$96.20 ,94964200,$96.65 ,$98.04 ,$95.50 ,No,$98.79 
775,3/4/2020,$98.79 ,95458380,$97.33 ,$98.90 ,$96.10 ,Yes,$95.45 
776,3/3/2020,$95.45 ,150689820,$98.77 ,$99.82 ,$94.40 ,No,$97.70 
777,3/2/2020,$97.70 ,135233020,$95.32 ,$97.73 ,$93.50 ,Yes,$94.19 
778,2/28/2020,$94.19 ,189875940,$90.73 ,$94.49 ,$90.56 ,No,$94.22 
779,2/27/2020,$94.22 ,162879860,$96.72 ,$98.75 ,$94.14 ,No,$98.98 
780,2/26/2020,$98.98 ,104808040,$98.51 ,$100.73 ,$98.02 ,Yes,$98.64 
781,2/25/2020,$98.64 ,124381880,$101.32 ,$101.73 ,$97.92 ,No,$100.46 
782,2/24/2020,$100.46 ,130939940,$100.16 ,$101.96 ,$99.40 ,No,$104.80 
783,2/21/2020,$104.80 ,93014800,$107.11 ,$107.23 ,$104.40 ,No,$107.66 
784,2/20/2020,$107.66 ,62626840,$108.65 ,$108.84 ,$106.37 ,No,$108.51 
785,2/19/2020,$108.51 ,51223300,$108.39 ,$109.26 ,$108.06 ,Yes,$107.78 
786,2/18/2020,$107.78 ,59021400,$106.25 ,$108.30 ,$106.21 ,Yes,$106.74 
787,2/14/2020,$106.74 ,52123380,$107.78 ,$107.95 ,$106.29 ,No,$107.49 
788,2/13/2020,$107.49 ,60635820,$107.25 ,$108.51 ,$107.10 ,No,$108.00 
789,2/12/2020,$108.00 ,66685280,$108.16 ,$109.01 ,$107.76 ,Yes,$107.54 
790,2/11/2020,$107.54 ,114920220,$107.55 ,$109.30 ,$106.80 ,Yes,$106.70 
791,2/10/2020,$106.70 ,101124700,$104.25 ,$106.78 ,$104.25 ,Yes,$103.96 
792,2/7/2020,$103.96 ,101906940,$102.10 ,$104.93 ,$101.91 ,Yes,$102.51 
793,2/6/2020,$102.51 ,63659080,$102.05 ,$102.82 ,$101.24 ,Yes,$101.99 
794,2/5/2020,$101.99 ,87523480,$103.55 ,$103.55 ,$101.60 ,No,$102.48 
795,2/4/2020,$102.48 ,105786760,$101.49 ,$102.99 ,$100.77 ,Yes,$100.21 
796,2/3/2020,$100.21 ,117981880,$100.53 ,$102.43 ,$100.01 ,No,$100.44 
797,1/31/2020,$100.44 ,311345600,$102.57 ,$102.79 ,$100.11 ,Yes,$93.53 
798,1/30/2020,$93.53 ,126548760,$92.90 ,$93.64 ,$92.53 ,Yes,$92.90 
799,1/29/2020,$92.90 ,42027800,$93.20 ,$93.74 ,$92.75 ,Yes,$92.66 
800,1/28/2020,$92.66 ,56160800,$92.03 ,$92.91 ,$91.50 ,Yes,$91.42 
801,1/27/2020,$91.42 ,70570180,$91.00 ,$92.05 ,$90.77 ,No,$93.08 
802,1/24/2020,$93.08 ,75323620,$94.57 ,$94.75 ,$92.37 ,No,$94.23 
803,1/23/2020,$94.23 ,49692260,$94.26 ,$94.50 ,$93.64 ,No,$94.37 
804,1/22/2020,$94.37 ,64325140,$94.80 ,$95.13 ,$94.17 ,No,$94.60 
805,1/21/2020,$94.60 ,74155700,$93.25 ,$94.71 ,$93.00 ,Yes,$93.24 
806,1/17/2020,$93.24 ,79946800,$94.29 ,$94.33 ,$92.86 ,No,$93.90 
807,1/16/2020,$93.90 ,53189860,$94.15 ,$94.28 ,$93.30 ,Yes,$93.10 
808,1/15/2020,$93.10 ,57931840,$93.61 ,$93.94 ,$92.75 ,No,$93.47 
809,1/14/2020,$93.47 ,68927620,$94.29 ,$94.36 ,$92.93 ,No,$94.57 
810,1/13/2020,$94.57 ,55716880,$94.57 ,$94.90 ,$94.04 ,Yes,$94.16 
811,1/10/2020,$94.16 ,57139180,$95.27 ,$95.35 ,$94.00 ,No,$95.05 
812,1/9/2020,$95.05 ,63499240,$95.49 ,$95.89 ,$94.79 ,Yes,$94.60 
813,1/8/2020,$94.60 ,70239320,$94.90 ,$95.55 ,$94.32 ,No,$95.34 
814,1/7/2020,$95.34 ,82680200,$95.23 ,$95.69 ,$94.60 ,Yes,$95.14 
815,1/6/2020,$95.14 ,81313960,$93.00 ,$95.18 ,$93.00 ,Yes,$93.75 
816,1/3/2020,$93.75 ,75332080,$93.23 ,$94.31 ,$93.23 ,No,$94.90 
817,1/2/2020,$94.90 ,80718200,$93.75 ,$94.90 ,$93.21 ,Yes,$92.39 
818,12/31/2019,$92.39 ,50207600,$92.10 ,$92.66 ,$91.61 ,Yes,$92.34 
819,12/30/2019,$92.34 ,73546120,$93.70 ,$94.20 ,$92.03 ,No,$93.49 
820,12/27/2019,$93.49 ,123775080,$94.15 ,$95.07 ,$93.30 ,Yes,$93.44 
821,12/26/2019,$93.44 ,120492160,$90.05 ,$93.52 ,$89.98 ,Yes,$89.46 
822,12/24/2019,$89.46 ,17626740,$89.69 ,$89.78 ,$89.38 ,No,$89.65 
823,12/23/2019,$89.65 ,42749860,$89.41 ,$89.65 ,$89.23 ,Yes,$89.33 
824,12/20/2019,$89.33 ,103049200,$89.98 ,$90.15 ,$89.12 ,No,$89.61 
825,12/19/2019,$89.61 ,54766400,$89.03 ,$89.65 ,$88.70 ,Yes,$89.20 
826,12/18/2019,$89.20 ,67082740,$89.75 ,$89.91 ,$89.12 ,No,$89.53 
827,12/17/2019,$89.53 ,72933940,$88.90 ,$89.60 ,$88.87 ,Yes,$88.46 
828,12/16/2019,$88.46 ,62986900,$88.35 ,$88.48 ,$87.85 ,Yes,$88.05 
829,12/13/2019,$88.05 ,54958180,$88.25 ,$88.45 ,$87.75 ,Yes,$88.02 
830,12/12/2019,$88.02 ,62078980,$87.50 ,$88.20 ,$87.27 ,Yes,$87.44 
831,12/11/2019,$87.44 ,42026360,$87.08 ,$87.50 ,$86.79 ,Yes,$86.96 
832,12/10/2019,$86.96 ,50312880,$87.37 ,$87.53 ,$86.75 ,No,$87.48 
833,12/9/2019,$87.48 ,50049780,$87.53 ,$88.34 ,$87.28 ,No,$87.58 
834,12/6/2019,$87.58 ,62399580,$87.56 ,$87.72 ,$87.01 ,Yes,$87.02 
835,12/5/2019,$87.02 ,56557040,$88.18 ,$88.18 ,$87.00 ,No,$88.03 
836,12/4/2019,$88.03 ,53614000,$88.70 ,$89.45 ,$88.01 ,No,$88.50 
837,12/3/2019,$88.50 ,70591640,$88.00 ,$88.64 ,$87.36 ,No,$89.08 
838,12/2/2019,$89.08 ,78635000,$90.22 ,$90.28 ,$88.13 ,No,$90.04 
839,11/29/2019,$90.04 ,38468800,$90.89 ,$91.23 ,$90.04 ,No,$90.93 
840,11/27/2019,$90.93 ,60716920,$90.05 ,$91.23 ,$89.87 ,Yes,$89.85 
841,11/26/2019,$89.85 ,63808560,$89.00 ,$89.85 ,$88.92 ,Yes,$88.69 
842,11/25/2019,$88.69 ,69789340,$87.66 ,$88.87 ,$87.66 ,Yes,$87.29 
843,11/22/2019,$87.29 ,49581620,$86.95 ,$87.32 ,$86.55 ,Yes,$86.74 
844,11/21/2019,$86.74 ,53258760,$87.15 ,$87.34 ,$86.52 ,No,$87.28 
845,11/20/2019,$87.28 ,55875180,$87.46 ,$88.13 ,$86.71 ,No,$87.64 
846,11/19/2019,$87.64 ,45490700,$87.85 ,$88.03 ,$87.15 ,Yes,$87.63 
847,11/18/2019,$87.63 ,56838140,$86.92 ,$87.69 ,$86.14 ,Yes,$86.97 
848,11/15/2019,$86.97 ,78622820,$88.00 ,$88.08 ,$86.64 ,No,$87.73 
849,11/14/2019,$87.73 ,45388340,$87.57 ,$88.33 ,$87.48 ,Yes,$87.66 
850,11/13/2019,$87.66 ,58537840,$88.67 ,$88.75 ,$87.37 ,No,$88.90 
851,11/12/2019,$88.90 ,40778500,$88.73 ,$89.31 ,$88.60 ,Yes,$88.58 
852,11/11/2019,$88.58 ,38956200,$88.90 ,$89.00 ,$88.36 ,No,$89.29 
853,11/8/2019,$89.29 ,42523960,$89.39 ,$89.49 ,$88.70 ,No,$89.41 
854,11/7/2019,$89.41 ,53021720,$90.19 ,$90.30 ,$89.17 ,No,$89.79 
855,11/6/2019,$89.79 ,40595660,$90.05 ,$90.13 ,$89.43 ,No,$90.09 
856,11/5/2019,$90.09 ,37710860,$90.46 ,$90.51 ,$89.70 ,No,$90.23 
857,11/4/2019,$90.23 ,55438440,$90.05 ,$90.75 ,$90.05 ,Yes,$89.57 
858,11/1/2019,$89.57 ,55807080,$89.40 ,$89.87 ,$89.26 ,Yes,$88.83 
859,10/31/2019,$88.83 ,55623700,$88.80 ,$89.60 ,$88.57 ,No,$89.00 
860,10/30/2019,$89.00 ,48988100,$88.01 ,$89.12 ,$87.96 ,Yes,$88.14 
861,10/29/2019,$88.14 ,45537100,$88.74 ,$88.85 ,$87.79 ,No,$88.85 
862,10/28/2019,$88.85 ,74177020,$87.40 ,$88.94 ,$87.13 ,Yes,$88.07 
863,10/25/2019,$88.07 ,192528040,$84.88 ,$88.21 ,$84.75 ,No,$89.04 
864,10/24/2019,$89.04 ,104087000,$88.55 ,$89.42 ,$88.01 ,Yes,$88.11 
865,10/23/2019,$88.11 ,43807600,$88.07 ,$88.50 ,$87.10 ,No,$88.29 
866,10/22/2019,$88.29 ,44688500,$89.41 ,$89.49 ,$88.10 ,No,$89.28 
867,10/21/2019,$89.28 ,44498040,$88.48 ,$89.29 ,$88.25 ,Yes,$87.88 
868,10/18/2019,$87.88 ,67321820,$89.39 ,$89.70 ,$87.46 ,No,$89.37 
869,10/17/2019,$89.37 ,54275460,$89.82 ,$89.94 ,$89.10 ,Yes,$88.87 
870,10/16/2019,$88.87 ,56081360,$88.67 ,$89.31 ,$88.53 ,Yes,$88.37 
871,10/15/2019,$88.37 ,62584880,$87.11 ,$88.82 ,$87.03 ,Yes,$86.82 
872,10/14/2019,$86.82 ,38577960,$86.45 ,$87.09 ,$86.10 ,Yes,$86.60 
873,10/11/2019,$86.60 ,65590680,$87.15 ,$87.27 ,$86.49 ,Yes,$86.01 
874,10/10/2019,$86.01 ,54430620,$86.26 ,$86.91 ,$85.69 ,No,$86.10 
875,10/9/2019,$86.10 ,41786700,$85.98 ,$86.50 ,$85.72 ,Yes,$85.28 
876,10/8/2019,$85.28 ,52536800,$86.12 ,$86.35 ,$85.25 ,No,$86.63 
877,10/7/2019,$86.63 ,43751960,$86.58 ,$87.39 ,$86.19 ,No,$86.98 
878,10/4/2019,$86.98 ,49785540,$86.30 ,$87.03 ,$85.96 ,Yes,$86.22 
879,10/3/2019,$86.22 ,72487420,$85.65 ,$86.25 ,$84.25 ,Yes,$85.66 
880,10/2/2019,$85.66 ,66769520,$86.39 ,$86.44 ,$85.25 ,No,$86.78 
881,10/1/2019,$86.78 ,63409200,$87.30 ,$87.78 ,$86.42 ,No,$86.80 
882,9/30/2019,$86.80 ,55215360,$86.35 ,$86.87 ,$85.46 ,Yes,$86.27 
883,9/27/2019,$86.27 ,78960580,$87.40 ,$87.46 ,$85.69 ,No,$86.99 
884,9/26/2019,$86.99 ,71439040,$88.14 ,$88.17 ,$86.58 ,No,$88.42 
885,9/25/2019,$88.42 ,70621960,$87.37 ,$88.65 ,$86.15 ,Yes,$87.08 
886,9/24/2019,$87.08 ,92758020,$89.53 ,$89.79 ,$86.78 ,No,$89.27 
887,9/23/2019,$89.27 ,62782840,$88.85 ,$89.64 ,$88.37 ,No,$89.71 
888,9/20/2019,$89.71 ,111116780,$91.09 ,$91.53 ,$89.05 ,No,$91.08 
889,9/19/2019,$91.08 ,41566700,$91.05 ,$91.63 ,$90.90 ,Yes,$90.87 
890,9/18/2019,$90.87 ,50720240,$90.85 ,$91.10 ,$89.78 ,No,$91.13 
891,9/17/2019,$91.13 ,40661160,$90.35 ,$91.20 ,$90.21 ,Yes,$90.39 
892,9/16/2019,$90.39 ,73509460,$91.20 ,$91.28 ,$90.01 ,No,$91.97 
893,9/13/2019,$91.97 ,39426340,$92.10 ,$92.31 ,$91.76 ,No,$92.18 
894,9/12/2019,$92.18 ,56470100,$91.88 ,$92.68 ,$91.71 ,Yes,$91.15 
895,9/11/2019,$91.15 ,48655340,$90.61 ,$91.67 ,$90.45 ,Yes,$91.03 
896,9/10/2019,$91.03 ,52277580,$91.14 ,$91.29 ,$90.27 ,No,$91.57 
897,9/9/2019,$91.57 ,59990300,$92.05 ,$92.50 ,$91.23 ,No,$91.68 
898,9/6/2019,$91.68 ,49938660,$91.91 ,$92.03 ,$91.32 ,No,$92.04 
899,9/5/2019,$92.04 ,66503780,$91.10 ,$92.10 ,$90.78 ,Yes,$90.03 
900,9/4/2019,$90.03 ,46524560,$90.25 ,$90.38 ,$89.81 ,Yes,$89.49 
901,9/3/2019,$89.49 ,70937180,$88.50 ,$90.04 ,$88.40 ,Yes,$88.81 
902,8/30/2019,$88.81 ,61282940,$89.87 ,$89.99 ,$88.23 ,No,$89.32 
903,8/29/2019,$89.32 ,60360240,$89.15 ,$89.93 ,$88.86 ,Yes,$88.21 
904,8/28/2019,$88.21 ,48437860,$87.75 ,$88.39 ,$87.20 ,Yes,$88.09 
905,8/27/2019,$88.09 ,60544900,$88.79 ,$88.97 ,$87.33 ,No,$88.44 
906,8/26/2019,$88.44 ,61706400,$88.35 ,$88.50 ,$87.18 ,Yes,$87.48 
907,8/23/2019,$87.48 ,105557960,$89.65 ,$90.24 ,$87.26 ,No,$90.28 
908,8/22/2019,$90.28 ,53167760,$91.40 ,$91.47 ,$90.01 ,No,$91.18 
909,8/21/2019,$91.18 ,40784620,$90.97 ,$91.48 ,$90.75 ,Yes,$90.07 
910,8/20/2019,$90.07 ,38656700,$90.73 ,$90.84 ,$89.99 ,No,$90.81 
911,8/19/2019,$90.81 ,56406060,$90.90 ,$91.30 ,$90.63 ,Yes,$89.63 
912,8/16/2019,$89.63 ,61084800,$89.64 ,$90.15 ,$89.23 ,Yes,$88.81 
913,8/15/2019,$88.81 ,76198960,$89.10 ,$89.40 ,$88.10 ,Yes,$88.15 
914,8/14/2019,$88.15 ,97872980,$89.65 ,$89.78 ,$87.86 ,No,$91.22 
915,8/13/2019,$91.22 ,81500420,$89.15 ,$91.59 ,$89.00 ,Yes,$89.25 
916,8/12/2019,$89.25 ,58109960,$89.80 ,$90.05 ,$88.85 ,No,$90.38 
917,8/9/2019,$90.38 ,57595400,$91.45 ,$91.55 ,$90.11 ,No,$91.64 
918,8/8/2019,$91.64 ,74024840,$90.30 ,$91.71 ,$89.91 ,Yes,$89.67 
919,8/7/2019,$89.67 ,90537680,$88.70 ,$89.95 ,$87.85 ,Yes,$89.39 
920,8/6/2019,$89.39 ,101405160,$89.61 ,$89.69 ,$87.67 ,Yes,$88.26 
921,8/5/2019,$88.26 ,121164240,$88.51 ,$89.43 ,$87.44 ,No,$91.16 
922,8/2/2019,$91.16 ,99124500,$92.25 ,$92.32 ,$90.40 ,No,$92.77 
923,8/1/2019,$92.77 ,94266220,$93.59 ,$94.90 ,$92.20 ,No,$93.34 
924,7/31/2019,$93.34 ,89414540,$94.91 ,$94.98 ,$92.47 ,No,$94.93 
925,7/30/2019,$94.93 ,58217760,$94.56 ,$95.49 ,$94.17 ,No,$95.62 
926,7/29/2019,$95.62 ,89863800,$96.50 ,$96.61 ,$94.53 ,No,$97.15 
927,7/26/2019,$97.15 ,98542860,$97.10 ,$97.54 ,$96.23 ,No,$98.69 
928,7/25/2019,$98.69 ,82729220,$100.05 ,$100.06 ,$98.64 ,No,$100.04 
929,7/24/2019,$100.04 ,52626000,$98.47 ,$100.07 ,$98.29 ,Yes,$99.72 
930,7/23/2019,$99.72 ,54069600,$99.80 ,$99.89 ,$98.66 ,Yes,$99.28 
931,7/22/2019,$99.28 ,58162220,$98.56 ,$99.45 ,$97.91 ,Yes,$98.23 
932,7/19/2019,$98.23 ,63712240,$99.56 ,$99.80 ,$98.11 ,No,$98.90 
933,7/18/2019,$98.90 ,70085040,$99.00 ,$99.38 ,$97.58 ,No,$99.60 
934,7/17/2019,$99.60 ,51176180,$100.35 ,$100.60 ,$99.60 ,No,$100.50 
935,7/16/2019,$100.50 ,52363960,$100.53 ,$101.32 ,$100.06 ,No,$101.05 
936,7/15/2019,$101.05 ,59626860,$101.07 ,$101.15 ,$100.08 ,Yes,$100.55 
937,7/12/2019,$100.55 ,50185940,$100.41 ,$100.85 ,$100.19 ,Yes,$100.05 
938,7/11/2019,$100.05 ,86355320,$101.28 ,$101.79 ,$99.77 ,No,$100.87 
939,7/10/2019,$100.87 ,98638040,$99.83 ,$101.25 ,$99.77 ,Yes,$99.42 
940,7/9/2019,$99.42 ,86913960,$97.39 ,$99.50 ,$97.17 ,Yes,$97.62 
941,7/8/2019,$97.62 ,57667420,$96.71 ,$97.80 ,$96.41 ,Yes,$97.15 
942,7/5/2019,$97.15 ,52567180,$96.43 ,$97.30 ,$96.27 ,Yes,$96.95 
943,7/3/2019,$96.95 ,33805880,$96.79 ,$97.08 ,$96.53 ,Yes,$96.72 
944,7/2/2019,$96.72 ,53025980,$95.97 ,$96.74 ,$95.33 ,Yes,$96.11 
945,7/1/2019,$96.11 ,64066940,$96.15 ,$96.49 ,$95.73 ,Yes,$94.68 
946,6/28/2019,$94.68 ,60747160,$95.46 ,$95.65 ,$94.20 ,No,$95.21 
947,6/27/2019,$95.21 ,42834420,$95.10 ,$95.56 ,$94.90 ,Yes,$94.89 
948,6/26/2019,$94.89 ,48838200,$94.62 ,$95.19 ,$94.37 ,Yes,$93.91 
949,6/25/2019,$93.91 ,60246940,$95.59 ,$95.82 ,$93.62 ,No,$95.70 
950,6/24/2019,$95.70 ,45659380,$95.63 ,$95.84 ,$95.07 ,Yes,$95.57 
951,6/21/2019,$95.57 ,78671520,$95.81 ,$96.30 ,$95.38 ,No,$95.91 
952,6/20/2019,$95.91 ,64343060,$96.67 ,$96.76 ,$95.29 ,Yes,$95.44 
953,6/19/2019,$95.44 ,57906940,$95.39 ,$95.98 ,$94.62 ,Yes,$95.07 
954,6/18/2019,$95.07 ,77914560,$95.07 ,$96.08 ,$94.99 ,Yes,$94.30 
955,6/17/2019,$94.30 ,52686840,$93.83 ,$94.78 ,$93.77 ,Yes,$93.48 
956,6/14/2019,$93.48 ,57023260,$93.20 ,$93.80 ,$92.95 ,No,$93.52 
957,6/13/2019,$93.52 ,55916200,$93.34 ,$94.15 ,$93.11 ,Yes,$92.77 
958,6/12/2019,$92.77 ,53566700,$92.70 ,$93.25 ,$92.22 ,No,$93.19 
959,6/11/2019,$93.19 ,80853880,$94.16 ,$94.69 ,$92.90 ,Yes,$93.03 
960,6/10/2019,$93.03 ,107420140,$91.10 ,$94.24 ,$90.90 ,Yes,$90.20 
961,6/7/2019,$90.20 ,96164920,$88.19 ,$90.31 ,$87.97 ,Yes,$87.72 
962,6/6/2019,$87.72 ,73785440,$86.89 ,$88.00 ,$86.31 ,Yes,$86.93 
963,6/5/2019,$86.93 ,84795640,$87.48 ,$87.60 ,$85.76 ,Yes,$86.48 
964,6/4/2019,$86.48 ,113582420,$84.96 ,$86.54 ,$84.04 ,Yes,$84.63 
965,6/3/2019,$84.63 ,181974160,$88.00 ,$88.31 ,$83.60 ,No,$88.75 
966,5/31/2019,$88.75 ,92376380,$89.50 ,$89.78 ,$88.64 ,No,$90.82 
967,5/30/2019,$90.82 ,62937000,$91.27 ,$91.47 ,$90.39 ,No,$90.96 
968,5/29/2019,$90.96 ,85580500,$91.16 ,$91.50 ,$90.38 ,No,$91.82 
969,5/28/2019,$91.82 ,63999300,$91.64 ,$92.46 ,$91.37 ,Yes,$91.16 
970,5/24/2019,$91.16 ,67393460,$91.79 ,$92.09 ,$90.89 ,Yes,$90.77 
971,5/23/2019,$90.77 ,88485300,$91.83 ,$92.20 ,$90.21 ,No,$92.98 
972,5/22/2019,$92.98 ,58732020,$92.59 ,$93.57 ,$92.55 ,Yes,$92.88 
973,5/21/2019,$92.88 ,80102440,$93.74 ,$93.95 ,$92.30 ,No,$92.95 
974,5/20/2019,$92.95 ,75963960,$92.63 ,$93.39 ,$91.78 ,No,$93.45 
975,5/17/2019,$93.45 ,94732360,$94.65 ,$95.53 ,$93.37 ,No,$95.38 
976,5/16/2019,$95.38 ,94156440,$94.30 ,$95.88 ,$94.11 ,Yes,$93.56 
977,5/15/2019,$93.56 ,93852840,$91.40 ,$93.72 ,$91.15 ,Yes,$92.01 
978,5/14/2019,$92.01 ,92582140,$91.98 ,$92.62 ,$90.79 ,Yes,$91.13 
979,5/13/2019,$91.13 ,115668200,$91.83 ,$92.33 ,$90.90 ,No,$94.50 
980,5/10/2019,$94.50 ,114359880,$94.90 ,$95.19 ,$92.80 ,No,$94.99 
981,5/9/2019,$94.99 ,106165260,$95.00 ,$95.47 ,$93.80 ,No,$95.89 
982,5/8/2019,$95.89 ,81571360,$95.94 ,$96.77 ,$95.50 ,No,$96.05 
983,5/7/2019,$96.05 ,118042680,$97.00 ,$97.46 ,$95.17 ,No,$97.53 
984,5/6/2019,$97.53 ,108356820,$95.90 ,$97.95 ,$95.53 ,No,$98.12 
985,5/3/2019,$98.12 ,127631280,$97.45 ,$98.22 ,$96.80 ,Yes,$95.04 
986,5/2/2019,$95.04 ,79258300,$95.67 ,$96.08 ,$94.09 ,No,$95.58 
987,5/1/2019,$95.58 ,62339280,$96.65 ,$97.18 ,$95.53 ,No,$96.33 
988,4/30/2019,$96.33 ,69858580,$96.51 ,$96.79 ,$95.35 ,No,$96.92 
989,4/29/2019,$96.92 ,80001040,$97.45 ,$97.82 ,$96.70 ,No,$97.53 
990,4/26/2019,$97.53 ,167932100,$96.45 ,$97.55 ,$94.90 ,Yes,$95.11 
991,4/25/2019,$95.11 ,112519440,$95.85 ,$96.12 ,$95.02 ,Yes,$95.09 
992,4/24/2019,$95.09 ,72367640,$96.25 ,$96.48 ,$94.91 ,No,$96.19 
993,4/23/2019,$96.19 ,92643380,$94.56 ,$96.46 ,$94.48 ,Yes,$94.37 
994,4/22/2019,$94.37 ,67223240,$92.77 ,$94.42 ,$92.28 ,Yes,$93.08 
995,4/18/2019,$93.08 ,54900040,$93.44 ,$93.54 ,$92.97 ,No,$93.24 
996,4/17/2019,$93.24 ,56762600,$93.65 ,$93.82 ,$93.02 ,Yes,$93.15 
997,4/16/2019,$93.15 ,60738140,$92.57 ,$93.49 ,$92.40 ,Yes,$92.24 
998,4/15/2019,$92.24 ,74213060,$92.10 ,$92.34 ,$90.95 ,Yes,$92.15 
999,4/12/2019,$92.15 ,61817980,$92.42 ,$92.58 ,$92.07 ,No,$92.20 
1000,4/11/2019,$92.20 ,52463940,$92.44 ,$92.50 ,$92.02 ,No,$92.37 
1001,4/10/2019,$92.37 ,59038780,$92.05 ,$92.40 ,$91.44 ,Yes,$91.79 
1002,4/9/2019,$91.79 ,74065660,$92.27 ,$92.65 ,$91.59 ,No,$92.49 
1003,4/8/2019,$92.49 ,74908560,$91.66 ,$92.51 ,$91.26 ,Yes,$91.86 
1004,4/5/2019,$91.86 ,72569160,$91.45 ,$91.93 ,$91.26 ,Yes,$90.94 
1005,4/4/2019,$90.94 ,72280260,$91.03 ,$91.44 ,$90.21 ,No,$91.04 
1006,4/3/2019,$91.04 ,78460860,$91.34 ,$91.50 ,$90.48 ,Yes,$90.70 
1007,4/2/2019,$90.70 ,68711120,$90.55 ,$91.00 ,$90.26 ,No,$90.71 
1008,4/1/2019,$90.71 ,83469600,$90.01 ,$90.78 ,$89.94 ,Yes,$89.04 
1009,3/29/2019,$89.04 ,66336620,$89.33 ,$89.64 ,$88.83 ,Yes,$88.67 
1010,3/28/2019,$88.67 ,60617200,$88.50 ,$88.90 ,$87.67 ,Yes,$88.29 
1011,3/27/2019,$88.29 ,86332920,$89.21 ,$89.38 ,$87.28 ,No,$89.19 
1012,3/26/2019,$89.19 ,96973080,$89.65 ,$90.29 ,$88.67 ,Yes,$88.71 
1013,3/25/2019,$88.71 ,101963640,$87.89 ,$89.13 ,$87.38 ,Yes,$88.24 
1014,3/22/2019,$88.24 ,126957160,$90.51 ,$90.95 ,$88.16 ,No,$90.96 
1015,3/21/2019,$90.96 ,114801500,$89.81 ,$91.19 ,$89.36 ,Yes,$89.86 
1016,3/20/2019,$89.86 ,123076120,$88.50 ,$89.98 ,$88.35 ,Yes,$88.09 
1017,3/19/2019,$88.09 ,126784640,$87.68 ,$89.21 ,$87.68 ,Yes,$87.11 
1018,3/18/2019,$87.11 ,108067840,$85.64 ,$87.50 ,$85.63 ,Yes,$85.62 
1019,3/15/2019,$85.62 ,150766000,$85.15 ,$85.94 ,$84.66 ,Yes,$84.31 
1020,3/14/2019,$84.31 ,58755180,$84.56 ,$85.10 ,$84.22 ,No,$84.54 
1021,3/13/2019,$84.54 ,70816740,$84.15 ,$85.00 ,$83.97 ,Yes,$83.66 
1022,3/12/2019,$83.66 ,71259860,$83.45 ,$84.21 ,$83.05 ,Yes,$83.53 
1023,3/11/2019,$83.53 ,75945960,$81.31 ,$83.61 ,$81.30 ,Yes,$81.04 
1024,3/8/2019,$81.04 ,93198900,$80.20 ,$81.14 ,$79.33 ,No,$81.30 
1025,3/7/2019,$81.30 ,98911280,$83.37 ,$83.49 ,$81.03 ,No,$83.45 
1026,3/6/2019,$83.45 ,79699920,$84.80 ,$84.89 ,$83.41 ,No,$84.62 
1027,3/5/2019,$84.62 ,73359540,$85.15 ,$85.39 ,$84.45 ,No,$84.81 
1028,3/4/2019,$84.81 ,123084740,$84.25 ,$85.47 ,$83.72 ,Yes,$83.59 
1029,3/1/2019,$83.59 ,93232360,$82.76 ,$83.71 ,$82.55 ,Yes,$81.99 
1030,2/28/2019,$81.99 ,60320160,$81.76 ,$82.59 ,$81.69 ,No,$82.05 
1031,2/27/2019,$82.05 ,62822920,$81.41 ,$82.09 ,$80.76 ,Yes,$81.82 
1032,2/26/2019,$81.82 ,53140380,$81.30 ,$82.00 ,$80.81 ,Yes,$81.65 
1033,2/25/2019,$81.65 ,63383800,$82.07 ,$82.73 ,$81.52 ,Yes,$81.58 
1034,2/22/2019,$81.58 ,61806840,$81.18 ,$81.75 ,$81.06 ,Yes,$80.97 
1035,2/21/2019,$80.97 ,69213640,$80.99 ,$81.18 ,$80.05 ,No,$81.11 
1036,2/20/2019,$81.11 ,66286200,$81.50 ,$81.75 ,$80.51 ,No,$81.38 
1037,2/19/2019,$81.38 ,73436420,$80.05 ,$81.70 ,$80.03 ,Yes,$80.40 
1038,2/15/2019,$80.40 ,86667940,$81.39 ,$81.45 ,$80.23 ,No,$81.13 
1039,2/14/2019,$81.13 ,82131100,$81.23 ,$81.90 ,$80.30 ,No,$82.00 
1040,2/13/2019,$82.00 ,70901920,$82.35 ,$82.82 ,$81.86 ,Yes,$81.90 
1041,2/12/2019,$81.90 ,96609740,$80.20 ,$81.97 ,$79.94 ,Yes,$79.55 
1042,2/11/2019,$79.55 ,66024800,$80.05 ,$80.46 ,$79.30 ,Yes,$79.41 
1043,2/8/2019,$79.41 ,112997760,$79.30 ,$79.43 ,$78.34 ,No,$80.72 
1044,2/7/2019,$80.72 ,92105860,$81.25 ,$81.28 ,$79.65 ,No,$82.01 
1045,2/6/2019,$82.01 ,78617400,$83.54 ,$83.61 ,$81.67 ,No,$82.94 
1046,2/5/2019,$82.94 ,88872640,$82.17 ,$83.26 ,$82.13 ,Yes,$81.67 
1047,2/4/2019,$81.67 ,98226380,$81.15 ,$82.48 ,$80.68 ,Yes,$81.31 
1048,2/1/2019,$81.31 ,229682600,$81.94 ,$83.65 ,$81.10 ,No,$85.94 
1049,1/31/2019,$85.94 ,206086600,$84.64 ,$86.82 ,$83.95 ,Yes,$83.52 
1050,1/30/2019,$83.52 ,114340840,$81.15 ,$83.85 ,$80.98 ,Yes,$79.69 
1051,1/29/2019,$79.69 ,91831720,$81.56 ,$81.62 ,$79.54 ,No,$81.89 
1052,1/28/2019,$81.89 ,96151280,$82.18 ,$82.25 ,$80.70 ,No,$83.53 
1053,1/25/2019,$83.53 ,98668680,$83.53 ,$84.17 ,$83.08 ,Yes,$82.75 
1054,1/24/2019,$82.75 ,81554740,$82.05 ,$82.86 ,$81.59 ,Yes,$82.00 
1055,1/23/2019,$82.00 ,103848400,$82.80 ,$82.87 ,$80.60 ,Yes,$81.61 
1056,1/22/2019,$81.61 ,128053100,$84.05 ,$84.09 ,$80.51 ,No,$84.81 
1057,1/18/2019,$84.81 ,119466360,$85.60 ,$85.81 ,$84.58 ,Yes,$84.66 
1058,1/17/2019,$84.66 ,83596720,$84.00 ,$85.01 ,$83.88 ,Yes,$84.19 
1059,1/16/2019,$84.19 ,126872280,$84.21 ,$85.25 ,$83.79 ,Yes,$83.73 
1060,1/15/2019,$83.73 ,119285960,$81.60 ,$83.76 ,$81.30 ,Yes,$80.86 
1061,1/14/2019,$80.86 ,119785980,$80.75 ,$82.41 ,$79.76 ,No,$82.03 
1062,1/11/2019,$82.03 ,93401860,$82.03 ,$83.01 ,$81.81 ,No,$82.81 
1063,1/10/2019,$82.81 ,129745040,$82.05 ,$83.16 ,$81.08 ,No,$82.97 
1064,1/9/2019,$82.97 ,126670560,$82.65 ,$83.39 ,$82.07 ,Yes,$82.83 
1065,1/8/2019,$82.83 ,176615060,$83.23 ,$83.83 ,$80.83 ,Yes,$81.48 
1066,1/7/2019,$81.48 ,159434400,$80.12 ,$81.73 ,$79.46 ,Yes,$78.77 
1067,1/4/2019,$78.77 ,183234020,$76.50 ,$79.70 ,$75.92 ,Yes,$75.01 
1068,1/3/2019,$75.01 ,138684360,$76.00 ,$76.90 ,$74.86 ,No,$76.96 
1069,1/2/2019,$76.96 ,157439340,$73.26 ,$77.67 ,$73.05 ,Yes,$75.10 
1070,12/31/2018,$75.10 ,138831960,$75.54 ,$76.04 ,$74.35 ,Yes,$73.90 
1071,12/28/2018,$73.90 ,176451960,$73.67 ,$75.67 ,$72.45 ,Yes,$73.08 
1072,12/27/2018,$73.08 ,192624560,$72.71 ,$73.45 ,$69.52 ,No,$73.55 
1073,12/26/2018,$73.55 ,206657400,$68.44 ,$73.66 ,$68.15 ,Yes,$67.20 
1074,12/24/2018,$67.20 ,144399920,$67.30 ,$69.80 ,$65.35 ,No,$68.87 
1075,12/21/2018,$68.87 ,271129400,$73.25 ,$74.00 ,$68.20 ,No,$73.04 
1076,12/20/2018,$73.04 ,198253180,$74.20 ,$75.48 ,$71.63 ,No,$74.75 
1077,12/19/2018,$74.75 ,172488020,$77.15 ,$79.23 ,$74.16 ,No,$77.57 
1078,12/18/2018,$77.57 ,129361460,$77.00 ,$78.38 ,$76.15 ,Yes,$76.05 
1079,12/17/2018,$76.05 ,174580400,$78.30 ,$78.81 ,$75.25 ,No,$79.60 
1080,12/14/2018,$79.60 ,126953180,$81.90 ,$82.13 ,$79.25 ,No,$82.92 
1081,12/13/2018,$82.92 ,104980860,$84.00 ,$84.61 ,$82.08 ,No,$83.18 
1082,12/12/2018,$83.18 ,131627120,$83.45 ,$85.25 ,$83.01 ,Yes,$82.16 
1083,12/11/2018,$82.16 ,124356660,$83.90 ,$83.97 ,$80.98 ,Yes,$82.05 
1084,12/10/2018,$82.05 ,149343180,$81.19 ,$82.90 ,$79.54 ,Yes,$81.46 
1085,12/7/2018,$81.46 ,150178780,$85.25 ,$85.95 ,$81.27 ,No,$84.96 
1086,12/6/2018,$84.96 ,174023940,$80.74 ,$85.05 ,$80.49 ,Yes,$83.42 
1087,12/4/2018,$83.42 ,173068320,$87.80 ,$88.52 ,$83.25 ,No,$88.62 
1088,12/3/2018,$88.62 ,136808240,$88.47 ,$88.92 ,$86.50 ,Yes,$84.51 
1089,11/30/2018,$84.51 ,114883360,$83.98 ,$84.80 ,$83.33 ,Yes,$83.68 
1090,11/29/2018,$83.68 ,132008480,$83.75 ,$84.50 ,$82.62 ,No,$83.89 
1091,11/28/2018,$83.89 ,168597880,$80.70 ,$84.07 ,$80.06 ,Yes,$79.07 
1092,11/27/2018,$79.07 ,115168820,$78.80 ,$79.88 ,$77.90 ,Yes,$79.07 
1093,11/26/2018,$79.07 ,124530620,$76.95 ,$79.24 ,$76.21 ,Yes,$75.10 
1094,11/23/2018,$75.10 ,54152840,$75.85 ,$76.81 ,$75.09 ,No,$75.84 
1095,11/21/2018,$75.84 ,114148000,$77.15 ,$77.50 ,$75.75 ,Yes,$74.77 
1096,11/20/2018,$74.77 ,216488200,$71.88 ,$76.74 ,$71.00 ,No,$75.61 
1097,11/19/2018,$75.61 ,154827400,$78.85 ,$79.06 ,$75.17 ,No,$79.67 
1098,11/16/2018,$79.67 ,121143980,$79.38 ,$80.72 ,$78.66 ,No,$80.97 
1099,11/15/2018,$80.97 ,167596480,$79.05 ,$81.24 ,$77.33 ,Yes,$79.95 
1100,11/14/2018,$79.95 ,128783400,$82.82 ,$83.65 ,$79.85 ,No,$81.56 
1101,11/13/2018,$81.56 ,118029980,$82.46 ,$83.85 ,$80.69 ,No,$81.84 
1102,11/12/2018,$81.84 ,135273860,$84.91 ,$85.43 ,$81.50 ,No,$85.62 
1103,11/9/2018,$85.62 ,117841160,$86.63 ,$87.20 ,$85.09 ,No,$87.75 
1104,11/8/2018,$87.75 ,130406900,$87.75 ,$89.20 ,$86.26 ,No,$87.77 
1105,11/7/2018,$87.77 ,163335540,$83.65 ,$87.96 ,$83.20 ,Yes,$82.14 
1106,11/6/2018,$82.14 ,84121860,$80.92 ,$83.25 ,$80.73 ,Yes,$81.39 
1107,11/5/2018,$81.39 ,112314980,$82.88 ,$82.90 ,$79.82 ,No,$83.28 
1108,11/2/2018,$83.28 ,138652880,$83.93 ,$84.87 ,$82.59 ,Yes,$83.28 
1109,11/1/2018,$83.28 ,161080900,$81.18 ,$83.52 ,$79.92 ,Yes,$79.90 
1110,10/31/2018,$79.90 ,187457980,$78.50 ,$81.20 ,$78.25 ,Yes,$76.52 
1111,10/30/2018,$76.52 ,247902600,$74.31 ,$77.05 ,$73.82 ,No,$76.94 
1112,10/29/2018,$76.94 ,275836200,$83.00 ,$83.29 ,$74.75 ,No,$82.14 
1113,10/26/2018,$82.14 ,298837200,$82.48 ,$84.92 ,$80.15 ,No,$89.11 
1114,10/25/2018,$89.11 ,198828940,$85.17 ,$89.74 ,$84.60 ,Yes,$83.21 
1115,10/24/2018,$83.21 ,136902460,$88.69 ,$88.89 ,$82.83 ,No,$88.44 
1116,10/23/2018,$88.44 ,134113720,$87.11 ,$88.82 ,$85.70 ,No,$89.47 
1117,10/22/2018,$89.47 ,89626680,$89.20 ,$90.48 ,$87.80 ,Yes,$88.20 
1118,10/19/2018,$88.20 ,117088340,$89.26 ,$90.46 ,$87.65 ,No,$88.54 
1119,10/18/2018,$88.54 ,116787040,$91.07 ,$91.51 ,$88.39 ,No,$91.59 
1120,10/17/2018,$91.59 ,105651940,$92.14 ,$92.25 ,$90.35 ,Yes,$91.00 
1121,10/16/2018,$91.00 ,116539700,$89.18 ,$91.19 ,$88.08 ,Yes,$88.05 
1122,10/15/2018,$88.05 ,127212120,$89.75 ,$89.75 ,$86.71 ,No,$89.43 
1123,10/12/2018,$89.43 ,187705120,$90.40 ,$90.45 ,$87.13 ,Yes,$85.97 
1124,10/11/2018,$85.97 ,277179400,$86.20 ,$87.77 ,$84.26 ,No,$87.76 
1125,10/10/2018,$87.76 ,217579800,$92.89 ,$92.93 ,$87.72 ,No,$93.52 
1126,10/9/2018,$93.52 ,94648600,$93.00 ,$94.83 ,$92.62 ,Yes,$93.22 
1127,10/8/2018,$93.22 ,146936560,$93.70 ,$95.10 ,$91.53 ,No,$94.48 
1128,10/5/2018,$94.48 ,136324260,$95.90 ,$96.45 ,$93.14 ,No,$95.47 
1129,10/4/2018,$95.47 ,144810980,$97.45 ,$97.80 ,$94.83 ,No,$97.64 
1130,10/3/2018,$97.64 ,103344480,$99.09 ,$99.49 ,$97.49 ,No,$98.57 
1131,10/2/2018,$98.57 ,107218480,$100.00 ,$100.67 ,$98.29 ,No,$100.22 
1132,10/1/2018,$100.22 ,69154500,$101.10 ,$101.66 ,$100.18 ,Yes,$100.15 
1133,9/28/2018,$100.15 ,79831480,$100.22 ,$101.33 ,$99.82 ,No,$100.65 
1134,9/27/2018,$100.65 ,85915160,$99.66 ,$100.81 ,$99.43 ,Yes,$98.74 
1135,9/26/2018,$98.74 ,85241940,$98.43 ,$99.76 ,$98.08 ,Yes,$98.73 
1136,9/25/2018,$98.73 ,87033240,$97.15 ,$98.80 ,$96.94 ,Yes,$96.72 
1137,9/24/2018,$96.72 ,82931260,$95.19 ,$96.84 ,$93.25 ,Yes,$95.75 
1138,9/21/2018,$95.75 ,135494540,$97.71 ,$97.87 ,$95.53 ,No,$97.22 
1139,9/20/2018,$97.22 ,62840500,$96.93 ,$97.75 ,$96.61 ,Yes,$96.32 
1140,9/19/2018,$96.32 ,80752820,$97.03 ,$97.04 ,$95.25 ,No,$97.05 
1141,9/18/2018,$97.05 ,84637840,$95.93 ,$97.91 ,$95.77 ,Yes,$95.40 
1142,9/17/2018,$95.40 ,139631000,$97.74 ,$97.84 ,$94.37 ,No,$98.51 
1143,9/14/2018,$98.51 ,71757920,$99.65 ,$99.68 ,$97.96 ,No,$99.49 
1144,9/13/2018,$99.49 ,72107960,$100.00 ,$100.44 ,$99.10 ,No,$99.50 
1145,9/12/2018,$99.50 ,88146680,$99.70 ,$100.00 ,$98.12 ,Yes,$99.36 
1146,9/11/2018,$99.36 ,100335600,$96.41 ,$99.44 ,$95.85 ,Yes,$96.95 
1147,9/10/2018,$96.95 ,89621820,$98.55 ,$98.65 ,$96.58 ,No,$97.60 
1148,9/7/2018,$97.60 ,97139640,$96.94 ,$98.76 ,$96.87 ,No,$97.92 
1149,9/6/2018,$97.92 ,149461720,$100.33 ,$100.38 ,$96.76 ,No,$99.74 
1150,9/5/2018,$99.74 ,163942340,$101.91 ,$102.02 ,$99.49 ,No,$101.98 
1151,9/4/2018,$101.98 ,114062560,$101.33 ,$102.53 ,$100.65 ,Yes,$100.64 
1152,8/31/2018,$100.64 ,82968640,$100.35 ,$101.12 ,$100.24 ,Yes,$100.12 
1153,8/30/2018,$100.12 ,145091460,$99.87 ,$101.28 ,$99.35 ,Yes,$99.91 
1154,8/29/2018,$99.91 ,128647080,$97.67 ,$99.93 ,$97.45 ,Yes,$96.64 
1155,8/28/2018,$96.64 ,61409640,$96.89 ,$97.09 ,$96.44 ,Yes,$96.38 
1156,8/27/2018,$96.38 ,70929920,$95.75 ,$96.39 ,$95.46 ,Yes,$95.27 
1157,8/24/2018,$95.27 ,55635400,$95.53 ,$95.80 ,$95.13 ,Yes,$95.15 
1158,8/23/2018,$95.15 ,70963940,$95.36 ,$95.98 ,$95.04 ,No,$95.25 
1159,8/22/2018,$95.25 ,61167380,$93.83 ,$95.29 ,$93.83 ,Yes,$94.17 
1160,8/21/2018,$94.17 ,61364300,$94.00 ,$94.89 ,$93.72 ,Yes,$93.84 
1161,8/20/2018,$93.84 ,57086400,$94.53 ,$94.59 ,$93.30 ,No,$94.11 
1162,8/17/2018,$94.11 ,81770960,$94.29 ,$94.40 ,$92.78 ,No,$94.33 
1163,8/16/2018,$94.33 ,77685060,$95.20 ,$95.25 ,$94.18 ,Yes,$94.13 
1164,8/15/2018,$94.13 ,153162160,$95.48 ,$95.81 ,$93.49 ,No,$95.98 
1165,8/14/2018,$95.98 ,78375160,$95.97 ,$96.05 ,$95.00 ,Yes,$94.81 
1166,8/13/2018,$94.81 ,110169620,$94.93 ,$96.25 ,$94.68 ,Yes,$94.32 
1167,8/10/2018,$94.32 ,72474680,$94.43 ,$94.98 ,$93.91 ,No,$94.93 
1168,8/9/2018,$94.93 ,96887260,$94.10 ,$95.73 ,$93.87 ,Yes,$94.33 
1169,8/8/2018,$94.33 ,78449240,$93.05 ,$94.58 ,$92.73 ,Yes,$93.12 
1170,8/7/2018,$93.12 ,66655780,$92.73 ,$93.49 ,$92.31 ,Yes,$92.39 
1171,8/6/2018,$92.39 ,67679420,$91.29 ,$92.39 ,$90.95 ,Yes,$91.16 
1172,8/3/2018,$91.16 ,69094360,$91.89 ,$92.05 ,$91.08 ,No,$91.72 
1173,8/2/2018,$91.72 ,86758220,$89.44 ,$91.83 ,$89.30 ,Yes,$89.86 
1174,8/1/2018,$89.86 ,82782880,$89.20 ,$89.92 ,$88.80 ,Yes,$88.87 
1175,7/31/2018,$88.87 ,114328980,$89.32 ,$90.09 ,$86.97 ,No,$88.96 
1176,7/30/2018,$88.96 ,130854240,$91.37 ,$91.48 ,$88.30 ,No,$90.86 
1177,7/27/2018,$90.86 ,193400840,$93.80 ,$94.00 ,$90.33 ,Yes,$90.40 
1178,7/26/2018,$90.40 ,192747980,$91.95 ,$92.23 ,$90.23 ,No,$93.18 
1179,7/25/2018,$93.18 ,73153280,$91.47 ,$93.19 ,$91.13 ,Yes,$91.46 
1180,7/24/2018,$91.46 ,84566800,$91.45 ,$92.00 ,$90.47 ,Yes,$90.10 
1181,7/23/2018,$90.10 ,77178060,$90.61 ,$90.95 ,$88.50 ,No,$90.69 
1182,7/20/2018,$90.69 ,77588960,$91.25 ,$91.74 ,$90.50 ,Yes,$90.65 
1183,7/19/2018,$90.65 ,91801260,$91.47 ,$92.05 ,$90.56 ,No,$92.15 
1184,7/18/2018,$92.15 ,97024160,$92.40 ,$92.94 ,$91.56 ,No,$92.20 
1185,7/17/2018,$92.20 ,113214100,$90.58 ,$92.58 ,$89.87 ,Yes,$91.12 
1186,7/16/2018,$91.12 ,108518320,$91.10 ,$92.10 ,$90.72 ,Yes,$90.65 
1187,7/13/2018,$90.65 ,87636040,$90.20 ,$90.77 ,$89.76 ,Yes,$89.83 
1188,7/12/2018,$89.83 ,90225480,$88.23 ,$89.90 ,$88.11 ,Yes,$87.75 
1189,7/11/2018,$87.75 ,63344180,$86.90 ,$87.85 ,$86.70 ,Yes,$87.15 
1190,7/10/2018,$87.15 ,59546200,$86.93 ,$87.50 ,$86.55 ,Yes,$86.95 
1191,7/9/2018,$86.95 ,58523880,$86.20 ,$86.98 ,$85.81 ,Yes,$85.53 
1192,7/6/2018,$85.53 ,51729000,$84.80 ,$85.76 ,$84.58 ,Yes,$84.99 
1193,7/5/2018,$84.99 ,59480940,$85.27 ,$85.53 ,$84.11 ,Yes,$84.70 
1194,7/3/2018,$84.70 ,43545520,$86.20 ,$86.25 ,$84.62 ,No,$85.69 
1195,7/2/2018,$85.69 ,63612800,$84.14 ,$85.69 ,$83.90 ,Yes,$84.99 
1196,6/29/2018,$84.99 ,89733600,$85.85 ,$86.17 ,$84.72 ,No,$85.07 
1197,6/28/2018,$85.07 ,90435760,$83.63 ,$85.28 ,$83.06 ,Yes,$83.03 
1198,6/27/2018,$83.03 ,95577440,$85.41 ,$85.60 ,$83.00 ,No,$84.55 
1199,6/26/2018,$84.55 ,85906400,$83.62 ,$85.08 ,$83.17 ,Yes,$83.16 
1200,6/25/2018,$83.16 ,149896360,$85.13 ,$85.25 ,$82.32 ,No,$85.78 
1201,6/22/2018,$85.78 ,81001180,$87.13 ,$87.15 ,$85.60 ,No,$86.51 
1202,6/21/2018,$86.51 ,98263540,$88.00 ,$88.16 ,$85.88 ,No,$87.50 
1203,6/20/2018,$87.50 ,86416720,$87.13 ,$88.15 ,$87.07 ,Yes,$86.74 
1204,6/19/2018,$86.74 ,85569920,$85.45 ,$86.81 ,$85.02 ,Yes,$86.19 
1205,6/18/2018,$86.19 ,61882200,$85.31 ,$86.34 ,$85.13 ,Yes,$85.80 
1206,6/15/2018,$85.80 ,94582020,$85.70 ,$86.04 ,$85.43 ,No,$86.19 
1207,6/14/2018,$86.19 ,63142540,$85.67 ,$86.24 ,$85.44 ,Yes,$85.24 
1208,6/13/2018,$85.24 ,66305160,$85.14 ,$85.69 ,$85.01 ,Yes,$84.94 
1209,6/12/2018,$84.94 ,44061120,$84.65 ,$84.98 ,$84.58 ,Yes,$84.46 
1210,6/11/2018,$84.46 ,46357620,$84.08 ,$84.71 ,$84.03 ,Yes,$84.20 
1211,6/8/2018,$84.20 ,58980400,$84.06 ,$84.47 ,$83.65 ,No,$84.47 
1212,6/7/2018,$84.47 ,75122560,$84.93 ,$85.00 ,$83.81 ,No,$84.79 
1213,6/6/2018,$84.79 ,109320640,$85.23 ,$85.73 ,$84.32 ,No,$84.82 
1214,6/5/2018,$84.82 ,94665500,$83.65 ,$84.95 ,$83.50 ,Yes,$83.26 
1215,6/4/2018,$83.26 ,63567740,$82.45 ,$83.28 ,$82.27 ,Yes,$82.08 
1216,6/1/2018,$82.08 ,66049320,$81.85 ,$82.34 ,$81.75 ,Yes,$81.48 
1217,5/31/2018,$81.48 ,63152440,$81.15 ,$81.75 ,$81.07 ,Yes,$81.24 
1218,5/30/2018,$81.24 ,57854080,$80.91 ,$81.30 ,$80.65 ,Yes,$80.64 
1219,5/29/2018,$80.64 ,76747620,$80.04 ,$81.09 ,$80.01 ,Yes,$80.51 
1220,5/25/2018,$80.51 ,52495680,$80.15 ,$80.71 ,$80.02 ,Yes,$80.15 
1221,5/24/2018,$80.15 ,67675760,$79.90 ,$80.41 ,$79.42 ,Yes,$80.09 
1222,5/23/2018,$80.09 ,66970800,$78.55 ,$80.09 ,$78.32 ,Yes,$79.07 
1223,5/22/2018,$79.07 ,41074660,$79.49 ,$79.49 ,$78.76 ,No,$79.27 
1224,5/21/2018,$79.27 ,56813100,$79.25 ,$79.60 ,$78.75 ,Yes,$78.72 
1225,5/18/2018,$78.72 ,52251280,$79.07 ,$79.18 ,$78.61 ,No,$79.09 
1226,5/17/2018,$79.09 ,42624760,$79.03 ,$79.70 ,$78.65 ,No,$79.36 
1227,5/16/2018,$79.36 ,50709160,$78.88 ,$79.72 ,$78.83 ,Yes,$78.81 
1228,5/15/2018,$78.81 ,101328400,$79.39 ,$79.39 ,$78.26 ,No,$80.08 
1229,5/14/2018,$80.08 ,49206040,$80.20 ,$80.56 ,$80.00 ,No,$80.15 
1230,5/11/2018,$80.15 ,45171660,$80.55 ,$80.56 ,$79.89 ,No,$80.45 
1231,5/10/2018,$80.45 ,55707880,$80.42 ,$80.78 ,$80.17 ,Yes,$80.40 
1232,5/9/2018,$80.40 ,72573220,$80.00 ,$80.40 ,$79.60 ,Yes,$79.62 
1233,5/8/2018,$79.62 ,60670520,$79.75 ,$79.84 ,$79.13 ,No,$80.01 
1234,5/7/2018,$80.01 ,75867520,$79.47 ,$80.35 ,$79.39 ,Yes,$79.05 
1235,5/4/2018,$79.05 ,68281760,$78.12 ,$79.25 ,$78.11 ,Yes,$78.60 
1236,5/3/2018,$78.60 ,84717700,$78.00 ,$78.74 ,$77.30 ,Yes,$78.48 
1237,5/2/2018,$78.48 ,85044600,$79.05 ,$79.43 ,$78.32 ,No,$79.11 
1238,5/1/2018,$79.11 ,91033220,$78.16 ,$79.25 ,$77.61 ,Yes,$78.31 
1239,4/30/2018,$78.31 ,108425640,$79.13 ,$79.80 ,$78.05 ,No,$78.63 
1240,4/27/2018,$78.63 ,260508600,$81.70 ,$81.91 ,$78.37 ,Yes,$75.90 
1241,4/26/2018,$75.90 ,166197280,$74.25 ,$76.47 ,$73.93 ,Yes,$73.01 
1242,4/25/2018,$73.01 ,127319780,$72.90 ,$73.50 ,$70.75 ,Yes,$73.00 
1243,4/24/2018,$73.00 ,149401180,$76.79 ,$76.98 ,$72.42 ,No,$75.89 
1244,4/23/2018,$75.89 ,88956020,$77.33 ,$77.40 ,$75.17 ,No,$76.37 
1245,4/20/2018,$76.37 ,110412840,$78.06 ,$78.06 ,$75.80 ,No,$77.85 
1246,4/19/2018,$77.85 ,129679340,$77.16 ,$78.43 ,$76.95 ,Yes,$76.39 
1247,4/18/2018,$76.39 ,101833540,$75.73 ,$76.69 ,$75.21 ,Yes,$75.19 
1248,4/17/2018,$75.19 ,100170640,$73.11 ,$75.36 ,$72.85 ,Yes,$72.08 
1249,4/16/2018,$72.08 ,55476720,$72.25 ,$72.35 ,$71.37 ,Yes,$71.54 
1250,4/13/2018,$71.54 ,72751720,$72.46 ,$72.99 ,$71.23 ,No,$72.43 
1251,4/12/2018,$72.43 ,62338780,$71.98 ,$72.61 ,$71.75 ,Yes,$71.35 
1252,4/11/2018,$71.35 ,70888980,$71.97 ,$72.44 ,$71.24 ,No,$71.81 
1253,4/10/2018,$71.81 ,85167160,$71.60 ,$71.92 ,$70.79 ,Yes,$70.30 
1254,4/9/2018,$70.30 ,83871280,$71.25 ,$71.92 ,$70.13 ,Yes,$70.26 
1255,4/6/2018,$70.26 ,116775160,$71.50 ,$72.63 ,$70.01 ,No,$72.59 
1256,4/5/2018,$72.59 ,126110260,$72.10 ,$72.98 ,$71.35 ,Yes,$70.53 
1257,4/4/2018,$70.53 ,138849700,$67.91 ,$70.77 ,$67.64 ,Yes,$69.60 
1258,4/3/2018,$69.60 ,204258800,$69.57 ,$70.70 ,$67.77 ,,
